track_id;track_name;track_popularity;track_number;album_id;album_name;album_img;album_type;album_label;album_track_number;album_popularity;artist_num;artist_names;artist_id;artist_name;artist_img;artist_followers;artist_popularity;artist_genres;rank;week;collab;explicit;release_date;danceability;energy;key;mode;time_signature;loudness;speechiness;acousticness;instrumentalness;liveness;valence;tempo;duration;pivot;streams;track_index
5aAx2yezTd8zXrkmtKl66Z;Starboy;0;1;09fggMHib4YkOtwQNXEBII;Starboy;https://i.scdn.co/image/ab67616d0000b2730c8599cbde51245c128bcea9;album;Universal Music Group;1;0;2;The Weeknd, Daft Punk;1Xyo4u8uXC1ZmMpatF05PJ;The Weeknd;https://i.scdn.co/image/ab6761610000e5ebb5f9e28219c169fd4b9e8379;51215861;94;canadian contemporary r&b, canadian pop, pop;1;1/6/2017;TRUE;TRUE;2016-11-25;681;594;7;1;4;-7.028;282;165;3.49e-06;134;535;186.054;230453;0;25734078;1
5aAx2yezTd8zXrkmtKl66Z;Starboy;0;1;09fggMHib4YkOtwQNXEBII;Starboy;https://i.scdn.co/image/ab67616d0000b2730c8599cbde51245c128bcea9;album;Universal Music Group;1;0;2;The Weeknd, Daft Punk;4tZwfgrHOc3mvqYlEYSvVi;Daft Punk;https://i.scdn.co/image/ab6761610000e5eb96d66c60658005885d1135ce;8953122;81;electro, filter house;1;1/6/2017;TRUE;TRUE;2016-11-25;681;594;7;1;4;-7.028;282;165;3.49e-06;134;535;186.054;230453;1;25734078;1
7BKLCZ1jbUBVqRi2FVlTVw;Closer;84;1;0rSLgV8p5FzfnqlEk4GzxE;Closer;https://i.scdn.co/image/ab67616d0000b273495ce6da9aeb159e94eaa453;single;Disruptor Records/Columbia;1;71;2;The Chainsmokers, Halsey;69GGBxA162lTqCwzJG5jLp;The Chainsmokers;https://i.scdn.co/image/ab6761610000e5eb3c02f4fb4cc9187c488afd50;19562506;81;dance pop, edm, electropop, pop, pop dance, tropical house;2;1/6/2017;TRUE;FALSE;2016-07-29;748;524;8;1;4;-5.599;0.0338;414;0;111;661;95.01;244960;0;23519705;2
7BKLCZ1jbUBVqRi2FVlTVw;Closer;84;1;0rSLgV8p5FzfnqlEk4GzxE;Closer;https://i.scdn.co/image/ab67616d0000b273495ce6da9aeb159e94eaa453;single;Disruptor Records/Columbia;1;71;2;The Chainsmokers, Halsey;26VFTg2z8YR0cCuwLzESi2;Halsey;https://i.scdn.co/image/ab6761610000e5ebd707e1c5177614c4ec95a06c;18598273;84;dance pop, electropop, etherpop, indie poptimism, pop;2;1/6/2017;TRUE;FALSE;2016-07-29;748;524;8;1;4;-5.599;0.0338;414;0;111;661;95.01;244960;1;23519705;2
5knuzwU65gJK7IF5yJsuaW;Rockabye (feat. Sean Paul & Anne-Marie);75;1;3meZFplbMmji648oWUNEfQ;Rockabye (feat. Sean Paul & Anne-Marie);https://i.scdn.co/image/ab67616d0000b2731431c3bdf16aa99f71799d95;single;Atlantic Records UK;1;62;3;Clean Bandit, Sean Paul, Anne-Marie;6MDME20pz9RveH9rEXvrOM;Clean Bandit;https://i.scdn.co/image/ab6761610000e5eb7a487027eb0c10af725d5410;4943046;76;dance pop, edm, pop, pop dance, post-teen pop, tropical house, uk dance, uk funky, uk pop;3;1/6/2017;TRUE;FALSE;2016-10-21;0.72;763;9;0;4;-4.068;0.0523;406;0;0.18;742;101.965;251088;0;21216399;3
5knuzwU65gJK7IF5yJsuaW;Rockabye (feat. Sean Paul & Anne-Marie);75;1;3meZFplbMmji648oWUNEfQ;Rockabye (feat. Sean Paul & Anne-Marie);https://i.scdn.co/image/ab67616d0000b2731431c3bdf16aa99f71799d95;single;Atlantic Records UK;1;62;3;Clean Bandit, Sean Paul, Anne-Marie;3Isy6kedDrgPYoTS1dazA9;Sean Paul;https://i.scdn.co/image/ab6761610000e5eb60c3e9abe7327c0097738f22;4075667;80;dance pop, dancehall, pop rap;3;1/6/2017;TRUE;FALSE;2016-10-21;0.72;763;9;0;4;-4.068;0.0523;406;0;0.18;742;101.965;251088;1;21216399;3
5knuzwU65gJK7IF5yJsuaW;Rockabye (feat. Sean Paul & Anne-Marie);75;1;3meZFplbMmji648oWUNEfQ;Rockabye (feat. Sean Paul & Anne-Marie);https://i.scdn.co/image/ab67616d0000b2731431c3bdf16aa99f71799d95;single;Atlantic Records UK;1;62;3;Clean Bandit, Sean Paul, Anne-Marie;1zNqDE7qDGCsyzJwohVaoX;Anne-Marie;https://i.scdn.co/image/ab6761610000e5eb0f625b6df41bdd56196351bf;10115161;78;dance pop, pop, pop dance, post-teen pop, tropical house, uk pop;3;1/6/2017;TRUE;FALSE;2016-10-21;0.72;763;9;0;4;-4.068;0.0523;406;0;0.18;742;101.965;251088;1;21216399;3
4pdPtRcBmOSQDlJ3Fk945m;Let Me Love You;2;13;55bbXORm6ZrVq52zfZnxBf;Encore;https://i.scdn.co/image/ab67616d0000b2735045de6786e0af096de73ed4;album;Universal Music Group;13;0;2;DJ Snake, Justin Bieber;540vIaP2JwjQb9dm3aArA4;DJ Snake;https://i.scdn.co/image/ab6761610000e5ebf2855e25f1d9c8a20bcc85ae;8137850;78;dance pop, edm, electronic trap, pop, pop dance, pop rap;4;1/6/2017;TRUE;FALSE;2016-08-05;476;718;8;1;4;-5.309;0.0576;0.0784;1.02e-05;122;142;199.864;205946;0;19852704;4
4pdPtRcBmOSQDlJ3Fk945m;Let Me Love You;2;13;55bbXORm6ZrVq52zfZnxBf;Encore;https://i.scdn.co/image/ab67616d0000b2735045de6786e0af096de73ed4;album;Universal Music Group;13;0;2;DJ Snake, Justin Bieber;1uNFoZAHBGtllmzznpCI3s;Justin Bieber;https://i.scdn.co/image/ab6761610000e5eb8ae7f2aaa9817a704a87ea36;66698299;91;canadian pop, pop;4;1/6/2017;TRUE;FALSE;2016-08-05;476;718;8;1;4;-5.309;0.0576;0.0784;1.02e-05;122;142;199.864;205946;1;19852704;4
3NdDpSvN911VPGivFlV5d0;"I Don’t Wanna Live Forever (Fifty Shades Darker) - From ""Fifty Shades Darker (Original Motion Picture Soundtrack)""";0;1;5MxXY7DbFMUiHFTPUabgJJ;I Don’t Wanna Live Forever (Fifty Shades Darker);https://i.scdn.co/image/ab67616d0000b2732ae921f082ae5db4d3da818f;single;Universal Music Group;1;0;2;ZAYN, Taylor Swift;5ZsFI1h6hIdQRw2ti0hz81;ZAYN;https://i.scdn.co/image/ab6761610000e5eb9fbf7133dfc04d4cd44ccd36;21433236;77;dance pop, pop, post-teen pop, uk pop;5;1/6/2017;TRUE;FALSE;2016-12-09;735;451;0;1;4;-8.374;0.0585;0.0631;1.3e-05;325;0.0862;117.973;245200;0;18316326;5
3NdDpSvN911VPGivFlV5d0;"I Don’t Wanna Live Forever (Fifty Shades Darker) - From ""Fifty Shades Darker (Original Motion Picture Soundtrack)""";0;1;5MxXY7DbFMUiHFTPUabgJJ;I Don’t Wanna Live Forever (Fifty Shades Darker);https://i.scdn.co/image/ab67616d0000b2732ae921f082ae5db4d3da818f;single;Universal Music Group;1;0;2;ZAYN, Taylor Swift;06HL4z0CvFAxyc27GXpf02;Taylor Swift;https://i.scdn.co/image/ab6761610000e5eb5a00969a4698c3132a15fbb0;60644358;99;pop;5;1/6/2017;TRUE;FALSE;2016-12-09;735;451;0;1;4;-8.374;0.0585;0.0631;1.3e-05;325;0.0862;117.973;245200;1;18316326;5
5MFzQMkrl1FOOng9tq6R9r;Don't Wanna Know;0;1;0fvTn3WXF39kQs9i3bnNpP;Don't Wanna Know;https://i.scdn.co/image/ab67616d0000b273eec1912bbc2ff74b8203fe5f;single;Universal Music Group;1;0;2;Maroon 5, Kendrick Lamar;04gDigrS5kc9YWfZHwBETP;Maroon 5;https://i.scdn.co/image/ab6761610000e5eb288ac05481cedc5bddb5b11b;38266644;86;pop;6;1/6/2017;TRUE;FALSE;2016-10-11;783;623;7;1;4;-6.126;0.08;338;0;0.0975;447;100.048;214480;0;18064374;6
5MFzQMkrl1FOOng9tq6R9r;Don't Wanna Know;0;1;0fvTn3WXF39kQs9i3bnNpP;Don't Wanna Know;https://i.scdn.co/image/ab67616d0000b273eec1912bbc2ff74b8203fe5f;single;Universal Music Group;1;0;2;Maroon 5, Kendrick Lamar;2YZyLoL8N0Wb9xBt1NhZWg;Kendrick Lamar;https://i.scdn.co/image/ab6761610000e5eb437b9e2a82505b3d93ff1022;21725588;89;conscious hip hop, hip hop, rap, west coast rap;6;1/6/2017;TRUE;FALSE;2016-10-11;783;623;7;1;4;-6.126;0.08;338;0;0.0975;447;100.048;214480;1;18064374;6
343YBumqHu19cGoGARUTsd;Fake Love;74;20;1lXY618HWkwYKJWBRYR4MK;More Life;https://i.scdn.co/image/ab67616d0000b2734f0fd9dad63977146e685700;album;Cash Money Records/Young Money Ent./Universal Rec.;20;80;1;Drake;3TVXtAsR1Inumwj472S9r4;Drake;https://i.scdn.co/image/ab6761610000e5eb4293385d324db8558179afd9;67940172;95;canadian hip hop, canadian pop, hip hop, rap, toronto rap;7;1/6/2017;FALSE;TRUE;2017-03-18;928;481;9;0;4;-9.35;287;105;0;176;613;134.007;210937;0;17037036;7
5uCax9HTNlzGybIStD3vDh;Say You Won't Let Go;85;2;7oiJYvEJHsmYtrgviAVIBD;Back from the Edge;https://i.scdn.co/image/ab67616d0000b27320beb61f61fcbeb33b10a9ab;album;Columbia;2;77;1;James Arthur;4IWBUUAFIplrNtaOHcJPRM;James Arthur;https://i.scdn.co/image/ab6761610000e5eb6867a4ce52401bd378bb5179;10444361;81;pop, talent show, uk pop;8;1/6/2017;FALSE;FALSE;2016-10-28;358;557;10;1;4;-7.398;59;695;0;0.0902;494;85.043;211466;0;16950854;8
6b8Be6ljOzmkOmFslEb23P;24K Magic;79;1;4PgleR09JVnm3zY1fW3XBA;24K Magic;https://i.scdn.co/image/ab67616d0000b273232711f7d66a1e19e89e28c5;album;Atlantic Records;1;77;1;Bruno Mars;0du5cEVh5yTK9QJze8zA0C;Bruno Mars;https://i.scdn.co/image/ab6761610000e5ebc36dd9eb55fb0db4911f25dd;43809074;88;dance pop, pop;9;1/6/2017;FALSE;FALSE;2016-11-17;818;803;1;1;4;-4.282;0.0797;34;0;153;632;106.97;225983;0;16736035;9
5GXAXm5YOmYT0kL5jHvYBt;I Feel It Coming;74;18;4AdZV63ycxFLF6Hcol0QnB;Starboy;https://i.scdn.co/image/ab67616d0000b273a048415db06a5b6fa7ec4e1a;album;Universal Republic Records;18;79;2;The Weeknd, Daft Punk;1Xyo4u8uXC1ZmMpatF05PJ;The Weeknd;https://i.scdn.co/image/ab6761610000e5ebb5f9e28219c169fd4b9e8379;51215861;94;canadian contemporary r&b, canadian pop, pop;10;1/6/2017;TRUE;FALSE;2016-11-24;773;819;0;0;4;-5.946;118;426;0;0.0679;585;92.99;269186;0;16609685;10
5GXAXm5YOmYT0kL5jHvYBt;I Feel It Coming;74;18;4AdZV63ycxFLF6Hcol0QnB;Starboy;https://i.scdn.co/image/ab67616d0000b273a048415db06a5b6fa7ec4e1a;album;Universal Republic Records;18;79;2;The Weeknd, Daft Punk;4tZwfgrHOc3mvqYlEYSvVi;Daft Punk;https://i.scdn.co/image/ab6761610000e5eb96d66c60658005885d1135ce;8953122;81;electro, filter house;10;1/6/2017;TRUE;FALSE;2016-11-24;773;819;0;0;4;-5.946;118;426;0;0.0679;585;92.99;269186;1;16609685;10
6fujklziTHa8uoM5OQSfIo;Black Beatles;76;5;5v6iBhIlflzR9rEd1LAMbd;SremmLife 2 (Deluxe);https://i.scdn.co/image/ab67616d0000b273881fb62d913fe712fc2e1c95;album;Mike WiLL Made-It;5;69;2;Rae Sremmurd, Gucci Mane;7iZtZyCzp3LItcw1wtPI3D;Rae Sremmurd;https://i.scdn.co/image/ab6761610000e5eb209b540fb909a4e61c3ffa01;6954252;73;hip hop, melodic rap, mississippi hip hop, pop rap, rap, southern hip hop, trap;11;1/6/2017;TRUE;TRUE;2016-08-12;794;632;0;1;4;-6.163;0.0649;142;0;128;355;145.926;291893;0;16130702;11
6fujklziTHa8uoM5OQSfIo;Black Beatles;76;5;5v6iBhIlflzR9rEd1LAMbd;SremmLife 2 (Deluxe);https://i.scdn.co/image/ab67616d0000b273881fb62d913fe712fc2e1c95;album;Mike WiLL Made-It;5;69;2;Rae Sremmurd, Gucci Mane;13y7CgLHjMVRMDqxdx0Xdo;Gucci Mane;https://i.scdn.co/image/ab6761610000e5ebb9b77f64bd278ffde2c94428;4500544;78;atl hip hop, dirty south rap, gangster rap, hip hop, pop rap, rap, southern hip hop, trap;11;1/6/2017;TRUE;TRUE;2016-08-12;794;632;0;1;4;-6.163;0.0649;142;0;128;355;145.926;291893;1;16130702;11
1xznGGDReH1oQq0xzbwXa3;One Dance;0;12;3hARKC8cinq3mZLLAEaBh9;Views;https://i.scdn.co/image/ab67616d0000b273726abca207567d5e41cb9667;album;Universal Music Group;12;0;3;Drake, Wizkid, Kyla;3TVXtAsR1Inumwj472S9r4;Drake;https://i.scdn.co/image/ab6761610000e5eb4293385d324db8558179afd9;67940172;95;canadian hip hop, canadian pop, hip hop, rap, toronto rap;12;1/6/2017;TRUE;FALSE;2016-05-06;791;619;1;1;4;-5.886;0.0532;0.00784;0.00423;351;371;103.989;173986;0;15958402;12
1xznGGDReH1oQq0xzbwXa3;One Dance;0;12;3hARKC8cinq3mZLLAEaBh9;Views;https://i.scdn.co/image/ab67616d0000b273726abca207567d5e41cb9667;album;Universal Music Group;12;0;3;Drake, Wizkid, Kyla;3tVQdUvClmAT7URs9V3rsp;Wizkid;https://i.scdn.co/image/ab6761610000e5eb9050b61368975fda051cdc06;2762778;77;afro dancehall, afropop, azonto, nigerian hip hop, nigerian pop;12;1/6/2017;TRUE;FALSE;2016-05-06;791;619;1;1;4;-5.886;0.0532;0.00784;0.00423;351;371;103.989;173986;1;15958402;12
1xznGGDReH1oQq0xzbwXa3;One Dance;0;12;3hARKC8cinq3mZLLAEaBh9;Views;https://i.scdn.co/image/ab67616d0000b273726abca207567d5e41cb9667;album;Universal Music Group;12;0;3;Drake, Wizkid, Kyla;77DAFfvm3O9zT5dIoG0eIO;Kyla;https://i.scdn.co/image/ab6761610000e5eb2d9aaa502544d0538d8f42a1;12937;69;uk funky;12;1/6/2017;TRUE;FALSE;2016-05-06;791;619;1;1;4;-5.886;0.0532;0.00784;0.00423;351;371;103.989;173986;1;15958402;12
6mICuAdrwEjh6Y6lroV2Kg;Chantaje (feat. Maluma);76;3;6bUxh58rYTL67FS8dyTKMN;El Dorado;https://i.scdn.co/image/ab67616d0000b273d05d3aad30c5fb7614893cf5;album;Sony Music Latin;3;69;2;Shakira, Maluma;0EmeFodog0BfCgMzAIvKQp;Shakira;https://i.scdn.co/image/ab6761610000e5eb284894d68fe2f80cad555110;25286838;86;colombian pop, dance pop, latin pop;13;1/6/2017;TRUE;FALSE;2017-05-26;852;773;8;0;4;-2.921;0.0776;187;3.05e-05;159;907;102.034;195840;0;14458068;13
6mICuAdrwEjh6Y6lroV2Kg;Chantaje (feat. Maluma);76;3;6bUxh58rYTL67FS8dyTKMN;El Dorado;https://i.scdn.co/image/ab67616d0000b273d05d3aad30c5fb7614893cf5;album;Sony Music Latin;3;69;2;Shakira, Maluma;1r4hJ1h58CWwUQe3MxPuau;Maluma;https://i.scdn.co/image/ab6761610000e5eb4588e958f69a086df6a9f81f;32443342;85;reggaeton, reggaeton colombiano, trap latino;13;1/6/2017;TRUE;FALSE;2017-05-26;852;773;8;0;4;-2.921;0.0776;187;3.05e-05;159;907;102.034;195840;1;14458068;13
6DNtNfH8hXkqOX1sjqmI7p;Cold Water (feat. Justin Bieber & MØ);0;1;3o99825qhG7K7D07naRs4F;Cold Water (feat. Justin Bieber & MØ);https://i.scdn.co/image/ab67616d0000b2732e8f1cca2bc8c9d55930523b;single;Because Music/WMI;1;0;3;Major Lazer, Justin Bieber, MØ;738wLrAtLtCtFOLvQBXOXp;Major Lazer;https://i.scdn.co/image/ab6761610000e5eb133f44ab343b35c715a4ac97;6310302;75;dance pop, edm, electro house, moombahton, pop, pop dance, pop rap, tropical house;14;1/6/2017;TRUE;FALSE;2016-07-22;608;798;6;0;4;-5.092;0.0432;0.0736;0;156;501;92.943;185351;0;14278458;14
6DNtNfH8hXkqOX1sjqmI7p;Cold Water (feat. Justin Bieber & MØ);0;1;3o99825qhG7K7D07naRs4F;Cold Water (feat. Justin Bieber & MØ);https://i.scdn.co/image/ab67616d0000b2732e8f1cca2bc8c9d55930523b;single;Because Music/WMI;1;0;3;Major Lazer, Justin Bieber, MØ;1uNFoZAHBGtllmzznpCI3s;Justin Bieber;https://i.scdn.co/image/ab6761610000e5eb8ae7f2aaa9817a704a87ea36;66698299;91;canadian pop, pop;14;1/6/2017;TRUE;FALSE;2016-07-22;608;798;6;0;4;-5.092;0.0432;0.0736;0;156;501;92.943;185351;1;14278458;14
6DNtNfH8hXkqOX1sjqmI7p;Cold Water (feat. Justin Bieber & MØ);0;1;3o99825qhG7K7D07naRs4F;Cold Water (feat. Justin Bieber & MØ);https://i.scdn.co/image/ab67616d0000b2732e8f1cca2bc8c9d55930523b;single;Because Music/WMI;1;0;3;Major Lazer, Justin Bieber, MØ;0bdfiayQAKewqEvaU6rXCv;MØ;https://i.scdn.co/image/ab6761610000e5eb903bbd69a4413930bb99d063;1389116;70;dance pop, danish pop, electropop, pop, tropical house, uk pop;14;1/6/2017;TRUE;FALSE;2016-07-22;608;798;6;0;4;-5.092;0.0432;0.0736;0;156;501;92.943;185351;1;14278458;14
78rIJddV4X0HkNAInEcYde;Call On Me - Ryan Riback Extended Remix;43;6;4pZbAcipxqdFcwjiFkuwes;Call On Me (Remixes);https://i.scdn.co/image/ab67616d0000b2735d88d9e54833409f2a1a1fa7;single;All Around The World;6;34;2;Starley, Ryan Riback;02A3cEvlLLCbIMVDrK2GHV;Starley;https://i.scdn.co/image/ab6761610000e5eb35f7fd848c6ec8218ec904e8;175677;58;aussietronica, australian pop, dance pop, deep tropical house, edm, electropop, pop dance, pop edm, tropical house, uk pop;15;1/6/2017;TRUE;FALSE;2016-10-14;0.67;838;0;1;4;-4.031;0.0362;0.0604;0.000611;159;717;104.998;222040;0;14030444;15
78rIJddV4X0HkNAInEcYde;Call On Me - Ryan Riback Extended Remix;43;6;4pZbAcipxqdFcwjiFkuwes;Call On Me (Remixes);https://i.scdn.co/image/ab67616d0000b2735d88d9e54833409f2a1a1fa7;single;All Around The World;6;34;2;Starley, Ryan Riback;33JQK4UoS2aMPYBfdB5Ftt;Ryan Riback;https://i.scdn.co/image/ab6761610000e5eb3711298a3766f6ad38dac671;13457;58;melbourne bounce;15;1/6/2017;TRUE;FALSE;2016-10-14;0.67;838;0;1;4;-4.031;0.0362;0.0604;0.000611;159;717;104.998;222040;1;14030444;15
04DwTuZ2VBdJCCC5TROn7L;In the Name of Love;21;2;75kX486cBBkuaLkZGjBptl;The Martin Garrix Collection;https://i.scdn.co/image/ab67616d0000b273923db3f255cd48a6d5783ebf;compilation;Epic Amsterdam;2;14;2;Martin Garrix, Bebe Rexha;60d24wfXkVzDSfLS6hyCjZ;Martin Garrix;https://i.scdn.co/image/ab6761610000e5eb66d17ee8690d2e8d94ee7387;15633727;77;dance pop, dutch edm, edm, electro house, pop, pop dance, progressive house, tropical house;16;1/6/2017;TRUE;FALSE;2017-04-21;0.49;485;4;0;4;-6.237;0.0406;0.0592;0;337;196;133.889;195840;0;13936848;16
04DwTuZ2VBdJCCC5TROn7L;In the Name of Love;21;2;75kX486cBBkuaLkZGjBptl;The Martin Garrix Collection;https://i.scdn.co/image/ab67616d0000b273923db3f255cd48a6d5783ebf;compilation;Epic Amsterdam;2;14;2;Martin Garrix, Bebe Rexha;64M6ah0SkkRsnPGtGiRAbb;Bebe Rexha;https://i.scdn.co/image/ab6761610000e5ebabfac786f093c4da55c99d4e;7638715;84;dance pop, pop, post-teen pop;16;1/6/2017;TRUE;FALSE;2017-04-21;0.49;485;4;0;4;-6.237;0.0406;0.0592;0;337;196;133.889;195840;1;13936848;16
4Km5HrUvYTaSUfiSGPJeQR;Bad and Boujee (feat. Lil Uzi Vert);12;4;2AvupjUeMnSffKEV05x222;Culture;https://i.scdn.co/image/ab67616d0000b273cf9b68115dcb2a222c252f00;album;Quality Control Music;4;8;2;Migos, Lil Uzi Vert;6oMuImdp5ZcFhWP0ESe6mG;Migos;https://i.scdn.co/image/ab6761610000e5ebf4593f7b778219838d858c34;12596174;77;atl hip hop, hip hop, pop rap, rap, trap;17;1/6/2017;TRUE;TRUE;2017-04-07;926;666;11;1;4;-5.314;244;0.0611;0;123;168;127.079;343150;0;13030993;17
4Km5HrUvYTaSUfiSGPJeQR;Bad and Boujee (feat. Lil Uzi Vert);12;4;2AvupjUeMnSffKEV05x222;Culture;https://i.scdn.co/image/ab67616d0000b273cf9b68115dcb2a222c252f00;album;Quality Control Music;4;8;2;Migos, Lil Uzi Vert;4O15NlyKLIASxsJ0PrXPfz;Lil Uzi Vert;https://i.scdn.co/image/ab6761610000e5eb30122c0d3ead72f96bb5ee93;13895151;86;melodic rap, philly rap, rap, trap;17;1/6/2017;TRUE;TRUE;2017-04-07;926;666;11;1;4;-5.314;244;0.0611;0;123;168;127.079;343150;1;13030993;17
4pLwZjInHj3SimIyN9SnOz;Side To Side;0;5;4lVR2fg3DAUQpGVJ6DciHW;Dangerous Woman;https://i.scdn.co/image/ab67616d0000b2737227f5854239a059af211d5b;album;Universal Music Group;5;0;2;Ariana Grande, Nicki Minaj;66CXWjxzNUsdJxJ2JdwvnR;Ariana Grande;https://i.scdn.co/image/ab6761610000e5ebcdce7620dc940db079bf4952;84118189;89;dance pop, pop;18;1/6/2017;TRUE;TRUE;2016-05-20;648;738;6;0;4;-5.883;247;0.0408;0;292;603;159.145;226160;0;12802756;18
4pLwZjInHj3SimIyN9SnOz;Side To Side;0;5;4lVR2fg3DAUQpGVJ6DciHW;Dangerous Woman;https://i.scdn.co/image/ab67616d0000b2737227f5854239a059af211d5b;album;Universal Music Group;5;0;2;Ariana Grande, Nicki Minaj;0hCNtLu0JehylgoiP8L4Gh;Nicki Minaj;https://i.scdn.co/image/ab6761610000e5eb6a8e5e8752d1dc2dafa63f20;26346906;87;dance pop, hip pop, pop, queens hip hop, rap;18;1/6/2017;TRUE;TRUE;2016-05-20;648;738;6;0;4;-5.883;247;0.0408;0;292;603;159.145;226160;1;12802756;18
3EmmCZoqpWOTY1g2GBwJoR;Just Hold On;63;1;6NomK9f7zRLOuScvAyI1XX;Just Hold On;https://i.scdn.co/image/ab67616d0000b27322e2ce2de8bad6d67ee69b48;single;Ultra Records, LLC;1;50;2;Steve Aoki, Louis Tomlinson;77AiFEVeAVj2ORpC85QVJs;Steve Aoki;https://i.scdn.co/image/ab6761610000e5eb7c4240b7951da248f3404e42;3696983;74;dance pop, edm, electro house, pop dance, pop rap, tropical house;19;1/6/2017;TRUE;FALSE;2016-12-10;647;932;11;1;4;-3.515;0.0824;0.00383;1.5e-06;0.0574;374;114.991;198774;0;12713391;19
3EmmCZoqpWOTY1g2GBwJoR;Just Hold On;63;1;6NomK9f7zRLOuScvAyI1XX;Just Hold On;https://i.scdn.co/image/ab67616d0000b27322e2ce2de8bad6d67ee69b48;single;Ultra Records, LLC;1;50;2;Steve Aoki, Louis Tomlinson;57WHJIHrjOE3iAxpihhMnp;Louis Tomlinson;https://i.scdn.co/image/ab6761610000e5ebe169df750e95452a1de99692;6451979;70;pop, post-teen pop;19;1/6/2017;TRUE;FALSE;2016-12-10;647;932;11;1;4;-3.515;0.0824;0.00383;1.5e-06;0.0574;374;114.991;198774;1;12713391;19
1qOLh0tI7trd1zdDKxYZTe;Starving;0;6;3Nuw6arrA8kVwhIvyGbiku;HAIZ;https://i.scdn.co/image/ab67616d0000b273612495ee5769c99125031be2;single;Universal Music Group;6;0;3;Hailee Steinfeld, Grey, Zedd;5p7f24Rk5HkUZsaS3BLG5F;Hailee Steinfeld;https://i.scdn.co/image/ab6761610000e5eba961383967f3a3a54e794a15;8124904;73;dance pop, pop, post-teen pop, uk pop;20;1/6/2017;TRUE;TRUE;2016-07-15;636;633;4;1;4;-4.23;126;371;0;102;512;99.721;181880;0;11678776;20
1qOLh0tI7trd1zdDKxYZTe;Starving;0;6;3Nuw6arrA8kVwhIvyGbiku;HAIZ;https://i.scdn.co/image/ab67616d0000b273612495ee5769c99125031be2;single;Universal Music Group;6;0;3;Hailee Steinfeld, Grey, Zedd;4lDBihdpMlOalxy1jkUbPl;Grey;https://i.scdn.co/image/ab6761610000e5ebf95d757415d11b4a0c5fef85;69490;66;pop edm;20;1/6/2017;TRUE;TRUE;2016-07-15;636;633;4;1;4;-4.23;126;371;0;102;512;99.721;181880;1;11678776;20
1qOLh0tI7trd1zdDKxYZTe;Starving;0;6;3Nuw6arrA8kVwhIvyGbiku;HAIZ;https://i.scdn.co/image/ab67616d0000b273612495ee5769c99125031be2;single;Universal Music Group;6;0;3;Hailee Steinfeld, Grey, Zedd;2qxJFvFYMEDqd7ui6kSAcq;Zedd;https://i.scdn.co/image/ab6761610000e5eb7bb5ab9683125fc416c9dbfb;5824485;76;complextro, dance pop, edm, electro house, electropop, german techno, pop, pop dance, pop rap, tropical house, uk pop;20;1/6/2017;TRUE;TRUE;2016-07-15;636;633;4;1;4;-4.23;126;371;0;102;512;99.721;181880;1;11678776;20
1PSBzsahR2AKwLJgx8ehBj;Bad Things (with Camila Cabello);72;10;3yWRq9Dd2UO5xyqxTjLDmp;bloom;https://i.scdn.co/image/ab67616d0000b273748388a726648841ed81027e;album;Bad Boy / Interscope;10;61;2;Machine Gun Kelly, Camila Cabello;6TIYQ3jFPwQSRmorSezPxX;Machine Gun Kelly;https://i.scdn.co/image/ab6761610000e5eb1fd54eb6e30d0bc8f633621e;4830655;81;ohio hip hop, pop, pop rap;21;1/6/2017;TRUE;FALSE;2017-05-12;697;691;2;1;4;-4.757;146;214;0;185;305;137.853;239293;0;11496707;21
1PSBzsahR2AKwLJgx8ehBj;Bad Things (with Camila Cabello);72;10;3yWRq9Dd2UO5xyqxTjLDmp;bloom;https://i.scdn.co/image/ab67616d0000b273748388a726648841ed81027e;album;Bad Boy / Interscope;10;61;2;Machine Gun Kelly, Camila Cabello;4nDoRrQiYLoBzwC5BhVJzF;Camila Cabello;https://i.scdn.co/image/ab6761610000e5ebec05963eab63676a539fef13;28295977;82;dance pop, pop, post-teen pop, uk pop;21;1/6/2017;TRUE;FALSE;2017-05-12;697;691;2;1;4;-4.757;146;214;0;185;305;137.853;239293;1;11496707;21
4TZy1wLyHec06pwgFYDh1a;Mercy;0;2;6FLZDJq4UuwqcaQlI4XCP1;Illuminate;https://i.scdn.co/image/ab67616d0000b273188e6332f32088921ab1eaf8;album;Universal Music LLC;2;0;1;Shawn Mendes;7n2wHs1TKAczGzO7Dd2rGr;Shawn Mendes;https://i.scdn.co/image/ab6761610000e5eb46e7a06fa6dfefaed6a3f0db;39579574;85;canadian pop, dance pop, pop, viral pop;22;1/6/2017;FALSE;FALSE;2017-03-03;469;0.68;11;0;4;-4.921;117;137;0;0.11;374;147.734;208733;0;11257008;22
1vvNmPOiUuyCbgWmtc6yfm;My Way;75;1;0dzeoQhVNzKkwM5ieOJC54;My Way;https://i.scdn.co/image/ab67616d0000b2738d12bc5e3ea5c9f4a967de32;single;Columbia;1;63;1;Calvin Harris;7CajNmpbOovFoOoasH2HaY;Calvin Harris;https://i.scdn.co/image/ab6761610000e5eb578905d5539cff25568dc097;22904843;85;dance pop, edm, electro house, house, pop, progressive house, uk dance;23;1/6/2017;FALSE;FALSE;2016-09-16;818;913;4;0;4;-3.06;0.0426;93;3.69e-05;161;536;119.986;219159;0;11099145;23
2rizacJSyD9S1IQUxUxnsK;All We Know;70;1;0xmaV6EtJ4M3ebZUPRnhyb;All We Know;https://i.scdn.co/image/ab67616d0000b273ff8d8c5662a96d41433e9ee1;single;Disruptor Records/Columbia;1;57;2;The Chainsmokers, Phoebe Ryan;69GGBxA162lTqCwzJG5jLp;The Chainsmokers;https://i.scdn.co/image/ab6761610000e5eb3c02f4fb4cc9187c488afd50;19562506;81;dance pop, edm, electropop, pop, pop dance, tropical house;24;1/6/2017;TRUE;FALSE;2016-09-29;662;586;0;1;4;-8.821;0.0307;97;0.00272;115;296;90.0;194080;0;11002831;24
2rizacJSyD9S1IQUxUxnsK;All We Know;70;1;0xmaV6EtJ4M3ebZUPRnhyb;All We Know;https://i.scdn.co/image/ab67616d0000b273ff8d8c5662a96d41433e9ee1;single;Disruptor Records/Columbia;1;57;2;The Chainsmokers, Phoebe Ryan;4N874uPqBka1QiCvnCVOtr;Phoebe Ryan;https://i.scdn.co/image/ab6761610000e5eb9960e44634b4a3b6c8f9d83e;341117;56;alt z, electropop, indie electropop, indie poptimism, uk pop;24;1/6/2017;TRUE;FALSE;2016-09-29;662;586;0;1;4;-8.821;0.0307;97;0.00272;115;296;90.0;194080;1;11002831;24
0QsvXIfqM0zZoerQfsI9lm;Don't Let Me Down (feat. Daya);43;6;3ShQFl9FladFKlonwPGZFc;The Chainsmokers- Japan Special Edition;https://i.scdn.co/image/ab67616d0000b27308d87fb54859bc9038f7e5e0;album;Disruptor Records/Columbia;6;32;2;The Chainsmokers, Daya;69GGBxA162lTqCwzJG5jLp;The Chainsmokers;https://i.scdn.co/image/ab6761610000e5eb3c02f4fb4cc9187c488afd50;19562506;81;dance pop, edm, electropop, pop, pop dance, tropical house;25;1/6/2017;TRUE;FALSE;2016-08-10;542;859;11;1;4;-5.651;197;0.16;0.00466;137;403;159.797;208053;0;10662121;25
0QsvXIfqM0zZoerQfsI9lm;Don't Let Me Down (feat. Daya);43;6;3ShQFl9FladFKlonwPGZFc;The Chainsmokers- Japan Special Edition;https://i.scdn.co/image/ab67616d0000b27308d87fb54859bc9038f7e5e0;album;Disruptor Records/Columbia;6;32;2;The Chainsmokers, Daya;6Dd3NScHWwnW6obMFbl1BH;Daya;https://i.scdn.co/image/ab6761610000e5eb5ce25fd2eab762a8cee5d200;1430724;70;alt z, dance pop, edm, electropop, pop, pop dance, post-teen pop, tropical house, uk pop;25;1/6/2017;TRUE;FALSE;2016-08-10;542;859;11;1;4;-5.651;197;0.16;0.00466;137;403;159.797;208053;1;10662121;25
4Hf7WnR761jpxPr5D46Bcd;Treat You Better;0;3;6FLZDJq4UuwqcaQlI4XCP1;Illuminate;https://i.scdn.co/image/ab67616d0000b273188e6332f32088921ab1eaf8;album;Universal Music LLC;3;0;1;Shawn Mendes;7n2wHs1TKAczGzO7Dd2rGr;Shawn Mendes;https://i.scdn.co/image/ab6761610000e5eb46e7a06fa6dfefaed6a3f0db;39579574;85;canadian pop, dance pop, pop, viral pop;26;1/6/2017;FALSE;FALSE;2017-03-03;624;803;10;0;4;-4.105;246;123;0;114;821;166.018;187973;0;10655487;26
6i0V12jOa3mr6uu4WYhUBr;Heathens;81;1;3J8W9AOjQhnBLCX33m3atT;Heathens;https://i.scdn.co/image/ab67616d0000b2732ca3ba8f334ca5a5f0312efb;single;Atlantic Records;1;68;1;Twenty One Pilots;3YQKmKGau1PzlVlkL1iodx;Twenty One Pilots;https://i.scdn.co/image/ab6761610000e5eb196972172c37d934d9ca8093;22671399;81;modern rock, rock;27;1/6/2017;FALSE;FALSE;2016-06-16;732;396;4;0;4;-9.348;0.0286;0.0841;3.58e-05;105;548;90.024;195920;0;10591337;27
6JV2JOEocMgcZxYSZelKcc;"CAN'T STOP THE FEELING! (Original Song from DreamWorks Animation's ""TROLLS"")";78;1;40LbnfieVTWtHrK24WQeEB;"CAN'T STOP THE FEELING! (Original Song from DreamWorks Animation's ""TROLLS"")";https://i.scdn.co/image/ab67616d0000b273ef37416970812293c08e8a78;single;Villa 40/RCA Records;1;65;1;Justin Timberlake;31TPClRtHm23RisEBtV3X7;Justin Timberlake;https://i.scdn.co/image/ab6761610000e5eb9d3f9efc8e0030306e583cef;12273890;80;dance pop, pop;28;1/6/2017;FALSE;FALSE;2016-05-06;666;0.83;0;1;4;-5.715;0.0751;0.0123;0;191;702;113.03;236001;0;10147451;28
0prNGof3XqfTvNDxHonvdK;Scars To Your Beautiful;8;10;3rDbA12I5duZnlwakqDdZa;Know-It-All (Deluxe);https://i.scdn.co/image/ab67616d0000b273e3ae597159d6c2541c4ee61b;album;EP Entertainment, LLC / Def Jam;10;4;1;Alessia Cara;2wUjUUtkb5lvLKcGKsKqsR;Alessia Cara;https://i.scdn.co/image/ab6761610000e5ebe74b7398634a741f74858dc7;10771387;75;canadian contemporary r&b, canadian pop, dance pop, electropop, pop, post-teen pop, uk pop;29;1/6/2017;FALSE;FALSE;2015-11-13;573;739;0;1;4;-5.74;129;0.0285;0;111;451;97.085;230226;0;9456847;29
1yNyoWWWikbLhwIGWjZuDW;All Night;0;1;4IKqYStmGY9UyG9RP1CA2Q;All Night;https://i.scdn.co/image/ab67616d0000b273f03c9779c27137669304ea20;single;Universal Music Group;1;0;2;The Vamps, Matoma;7gAppWoH7pcYmphCVTXkzs;The Vamps;https://i.scdn.co/image/ab6761610000e5eb77ef80571a40d9d19cf52208;5397616;70;boy band, dance pop, pop, post-teen pop, uk pop;30;1/6/2017;TRUE;FALSE;2016-10-14;563;775;8;1;4;-6.433;0.0366;0.00251;0;326;458;144.945;197793;0;9219626;30
1yNyoWWWikbLhwIGWjZuDW;All Night;0;1;4IKqYStmGY9UyG9RP1CA2Q;All Night;https://i.scdn.co/image/ab67616d0000b273f03c9779c27137669304ea20;single;Universal Music Group;1;0;2;The Vamps, Matoma;4YXycRbyyAE0wozTk7QMEq;Matoma;https://i.scdn.co/image/ab6761610000e5ebbe38ea40ebab8967b2c7a81a;711200;67;dance pop, edm, electro house, electropop, norwegian pop, pop, pop dance, pop edm, tropical house, uk pop;30;1/6/2017;TRUE;FALSE;2016-10-14;563;775;8;1;4;-6.433;0.0366;0.00251;0;326;458;144.945;197793;1;9219626;30
27SdWb2rFzO6GWiYDBTD9j;Cheap Thrills;78;6;77jAfTh3KH9K2reMOmTgOh;This Is Acting;https://i.scdn.co/image/ab67616d0000b27349e0134c686547c28b7c999f;album;Monkey Puzzle Records/RCA Records;6;72;1;Sia;5WUlDfRSoLAfcVSX1WnrxN;Sia;https://i.scdn.co/image/ab6761610000e5ebe8637c96a7aa2917eae3c54d;24628743;84;australian dance, australian pop, dance pop, pop;31;1/6/2017;FALSE;FALSE;2016-01-29;628;698;6;0;4;-5.608;105;0.0472;0.00143;0.0907;732;89.976;211666;0;9085236;31
43jBqV3j3Xi1g6wO0bhIMd;Now and Later;54;1;3fi4zQJmsXI2Hw2pl89aTh;Now and Later;https://i.scdn.co/image/ab67616d0000b27382d22e1d83fc1045ad33444a;single;Global Gemini;1;42;1;Sage The Gemini;6d47Z08T4snK50HgTEHo5Z;Sage The Gemini;https://i.scdn.co/image/ab6761610000e5ebc654487e4de3245e2d2d89ab;823185;65;dance pop, hyphy, pop rap, rap, southern hip hop, viral rap;32;1/6/2017;FALSE;FALSE;2016-10-14;781;0.57;11;0;4;-5.874;188;273;0;196;858;107.059;193181;0;8963739;32
6nxQdXa1uAL0rY72wPZu89;Love Me Now;65;5;7xMjYDrgPLp1ReFGAOyS1O;DARKNESS AND LIGHT;https://i.scdn.co/image/ab67616d0000b273fa2ba77d93b08258827bd2d2;album;Columbia;5;54;1;John Legend;5y2Xq6xcjJb2jVM54GHK3t;John Legend;https://i.scdn.co/image/ab6761610000e5ebaed3c717bf1753ab928ea88d;6288572;78;neo mellow, neo soul, pop, pop soul, r&b, urban contemporary;33;1/6/2017;FALSE;FALSE;2016-12-02;495;762;8;1;4;-3.842;0.0862;591;0;0.0763;708;123.893;210293;0;8876988;33
1D3ODoXHBLpdxolZRHWV1j;By Your Side;0;1;6IJVWErYhvWqG41NnLSGMM;By Your Side;https://i.scdn.co/image/ab67616d0000b273bd4b658f3aead04637924c28;single;Universal Music Group;1;0;2;Jonas Blue, RAYE;1HBjj22wzbscIZ9sEb5dyf;Jonas Blue;https://i.scdn.co/image/ab6761610000e5ebf79f4c1f658cfcb74baeae51;3639519;75;dance pop, edm, pop, pop dance, tropical house, uk dance, uk pop;34;1/6/2017;TRUE;FALSE;2016-10-28;696;743;6;1;4;-3.838;0.0331;0.0778;0;0.0581;644;122.978;201254;0;8796175;34
1D3ODoXHBLpdxolZRHWV1j;By Your Side;0;1;6IJVWErYhvWqG41NnLSGMM;By Your Side;https://i.scdn.co/image/ab67616d0000b273bd4b658f3aead04637924c28;single;Universal Music Group;1;0;2;Jonas Blue, RAYE;5KKpBU5eC2tJDzf0wmlRp2;RAYE;https://i.scdn.co/image/ab6761610000e5ebe8017b7995ab05155d671520;542062;70;dance pop, electropop, pop, pop dance, post-teen pop, tropical house, uk contemporary r&b, uk pop;34;1/6/2017;TRUE;FALSE;2016-10-28;696;743;6;1;4;-3.838;0.0331;0.0778;0;0.0581;644;122.978;201254;1;8796175;34
3AEZUABDXNtecAOSC1qTfo;Reggaetón Lento (Bailemos);72;3;0YLrAWUbY0nyM7PFtqnYld;Primera Cita;https://i.scdn.co/image/ab67616d0000b2737db0f7ac4c612cce26ccacf9;album;Sony Music Latin;3;63;1;CNCO;0eecdvMrqBftK0M1VKhaF4;CNCO;https://i.scdn.co/image/ab6761610000e5ebe61627c00d64dcb4de8001d2;9249702;71;boy band, latin pop, reggaeton;35;1/6/2017;FALSE;FALSE;2016-08-26;761;838;4;0;4;-3.073;0.0502;0.4;0;176;0.71;93.974;222560;0;8739078;35
0JiVRyTJcJnmlwCZ854K4p;Alone;62;1;4blCxKnK1sGo9D45trrqjt;Alone;https://i.scdn.co/image/ab67616d0000b273f00ade2f88d8223521bc7f76;single;MER Recordings;1;51;1;Alan Walker;7vk5e3vY1uw9plTHJAMwjN;Alan Walker;https://i.scdn.co/image/ab6761610000e5eb29da45fd16f4b249be105618;35629528;81;electro house;36;1/6/2017;FALSE;FALSE;2016-12-02;676;929;10;1;4;-3.194;0.0458;186;0.000405;121;157;97.019;161200;0;8667916;36
7aV2mflaASUmGhCErm7kBO;The Mack;0;1;7FDBvwfZD9ejQzzg0dyoac;The Mack;https://i.scdn.co/image/ab67616d0000b273746ac799032f9af9c5268332;single;Universal Music Group;1;0;3;Nevada, Mark Morrison, Fetty Wap;15NtJjjHRFybdNSMyM9smT;Nevada;https://i.scdn.co/image/ab6761610000e5ebc93c55d45ad95503f1887f1d;14787;48;eurodance;37;1/6/2017;TRUE;FALSE;2016-09-23;707;883;0;1;4;-4.281;0.0602;0.0707;0;0.23;541;106.031;167038;0;8616666;37
7aV2mflaASUmGhCErm7kBO;The Mack;0;1;7FDBvwfZD9ejQzzg0dyoac;The Mack;https://i.scdn.co/image/ab67616d0000b273746ac799032f9af9c5268332;single;Universal Music Group;1;0;3;Nevada, Mark Morrison, Fetty Wap;6V3F8MZrOKdT9fU686ybE9;Mark Morrison;https://i.scdn.co/image/ab6761610000e5eb28ce7bddd2d283e8e0f3141f;72295;63;british soul;37;1/6/2017;TRUE;FALSE;2016-09-23;707;883;0;1;4;-4.281;0.0602;0.0707;0;0.23;541;106.031;167038;1;8616666;37
7aV2mflaASUmGhCErm7kBO;The Mack;0;1;7FDBvwfZD9ejQzzg0dyoac;The Mack;https://i.scdn.co/image/ab67616d0000b273746ac799032f9af9c5268332;single;Universal Music Group;1;0;3;Nevada, Mark Morrison, Fetty Wap;6PXS4YHDkKvl1wkIl4V8DL;Fetty Wap;https://i.scdn.co/image/ab6761610000e5eb8ffb1b02e4435c5176b28ed2;4367817;70;dance pop, new jersey rap, pop, pop rap, rap, southern hip hop, trap;37;1/6/2017;TRUE;FALSE;2016-09-23;707;883;0;1;4;-4.281;0.0602;0.0707;0;0.23;541;106.031;167038;1;8616666;37
4Q4jmPHwu0wrJvqrld0FQ6;I Would Like;57;3;5YLRVHDVRw3QqWbeTGpC5B;So Good;https://i.scdn.co/image/ab67616d0000b2739e1683774b22648f4f178ed3;album;Epic/Record Company TEN;3;70;1;Zara Larsson;1Xylc3o4UrD53lo9CvFvVg;Zara Larsson;https://i.scdn.co/image/ab6761610000e5eba63a2b0ceb57eb509d67c90f;10358106;76;dance pop, edm, electropop, pop, pop dance, post-teen pop, scandipop, swedish electropop, swedish pop, tropical house, uk pop;38;1/6/2017;FALSE;FALSE;2017-03-17;486;713;2;0;4;-3.949;0.0524;0.0853;0;0.0839;297;121.028;226720;0;8595924;38
1cG0umU5TKStygKsPFZ9pY;Shed a Light;59;1;6yKhjUoOsHa60DSqpugerw;Shed a Light;https://i.scdn.co/image/ab67616d0000b2737be189f322bc8155c103d6c9;single;Tonspiel;1;47;3;Robin Schulz, David Guetta, Cheat Codes;3t5xRXzsuZmMDkQzgOX35S;Robin Schulz;https://i.scdn.co/image/ab6761610000e5eb7886f753d19bacd490d5acca;2973381;80;dance pop, deep euro house, deep house, edm, german dance, pop, pop dance, tropical house;39;1/6/2017;TRUE;FALSE;2016-11-25;483;787;8;1;4;-5.244;102;112;0;257;0.58;122.058;191379;0;8509565;39
1cG0umU5TKStygKsPFZ9pY;Shed a Light;59;1;6yKhjUoOsHa60DSqpugerw;Shed a Light;https://i.scdn.co/image/ab67616d0000b2737be189f322bc8155c103d6c9;single;Tonspiel;1;47;3;Robin Schulz, David Guetta, Cheat Codes;1Cs0zKBU1kc0i8ypK3B9ai;David Guetta;https://i.scdn.co/image/ab6761610000e5eb75348e1aade2645ad9c58829;24873496;90;big room, dance pop, edm, pop, pop dance;39;1/6/2017;TRUE;FALSE;2016-11-25;483;787;8;1;4;-5.244;102;112;0;257;0.58;122.058;191379;1;8509565;39
1cG0umU5TKStygKsPFZ9pY;Shed a Light;59;1;6yKhjUoOsHa60DSqpugerw;Shed a Light;https://i.scdn.co/image/ab67616d0000b2737be189f322bc8155c103d6c9;single;Tonspiel;1;47;3;Robin Schulz, David Guetta, Cheat Codes;7DMveApC7UnC2NPfPvlHSU;Cheat Codes;https://i.scdn.co/image/ab6761610000e5ebe76d3aeb58344c63fcc97682;2101579;72;dance pop, edm, electro house, electropop, pop, pop dance, tropical house, uk pop;39;1/6/2017;TRUE;FALSE;2016-11-25;483;787;8;1;4;-5.244;102;112;0;257;0.58;122.058;191379;1;8509565;39
17Fd6Yb7mSbinKG8LoWfFl;I Took A Pill In Ibiza - Seeb Remix;0;13;3teu4biw5zhcN7QgjmKzGS;At Night, Alone.;https://i.scdn.co/image/ab67616d0000b27340512e02a594e3378c0256e6;album;Universal Music Group;13;0;2;Mike Posner, Seeb;2KsP6tYLJlTBvSUxnwlVWa;Mike Posner;https://i.scdn.co/image/ab6761610000e5eb5ca6c70cd9661b2eca98999f;1300901;71;dance pop, edm, pop, pop rap;40;1/6/2017;TRUE;TRUE;2016-05-06;663;713;7;0;4;-6.647;112;0.0353;7.68e-06;0.0843;0.69;101.965;197933;0;8454914;40
17Fd6Yb7mSbinKG8LoWfFl;I Took A Pill In Ibiza - Seeb Remix;0;13;3teu4biw5zhcN7QgjmKzGS;At Night, Alone.;https://i.scdn.co/image/ab67616d0000b27340512e02a594e3378c0256e6;album;Universal Music Group;13;0;2;Mike Posner, Seeb;5iNrZmtVMtYev5M9yoWpEq;Seeb;https://i.scdn.co/image/ab6761610000e5ebaf7cfc023f8da96aaf6dbc48;310193;69;dance pop, edm, electro house, norwegian pop, pop, pop dance, pop edm, tropical house, uk pop;40;1/6/2017;TRUE;TRUE;2016-05-06;663;713;7;0;4;-6.647;112;0.0353;7.68e-06;0.0843;0.69;101.965;197933;1;8454914;40
68EMU2RD1ECNeOeJ5qAXCV;We Don't Talk Anymore (feat. Selena Gomez);57;5;6E0p38TjcK490itZ1Ns7bD;Nine Track Mind;https://i.scdn.co/image/ab67616d0000b273c0e28105f0533c52717c46c2;album;Artist Partner;5;50;2;Charlie Puth, Selena Gomez;6VuMaDnrHyPL1p4EHjYLi7;Charlie Puth;https://i.scdn.co/image/ab6761610000e5eb4e2e2c78de847c4d9b12d32f;17914212;85;dance pop, pop, viral pop;41;1/6/2017;TRUE;FALSE;2015-11-05;728;563;1;0;4;-8.053;134;621;0;179;352;100.017;217706;0;8303152;41
68EMU2RD1ECNeOeJ5qAXCV;We Don't Talk Anymore (feat. Selena Gomez);57;5;6E0p38TjcK490itZ1Ns7bD;Nine Track Mind;https://i.scdn.co/image/ab67616d0000b273c0e28105f0533c52717c46c2;album;Artist Partner;5;50;2;Charlie Puth, Selena Gomez;0C8ZW7ezQVs4URX5aX7Kqx;Selena Gomez;https://i.scdn.co/image/ab6761610000e5eba5205abffd84341e5bace828;37940216;84;dance pop, pop, post-teen pop;41;1/6/2017;TRUE;FALSE;2015-11-05;728;563;1;0;4;-8.053;134;621;0;179;352;100.017;217706;1;8303152;41
1a5Yu5L18qNxVhXx38njON;Hear Me Now;51;1;6apmeAAgvzvhBKio8WYThf;Hear Me Now;https://i.scdn.co/image/ab67616d0000b273292563f7ccd0361f68a743e1;single;Universal Music AB;1;39;3;Alok, Bruno Martini, Zeeba;0NGAZxHanS9e0iNHpR8f2W;Alok;https://i.scdn.co/image/ab6761610000e5eb15383a61d64a6cc9fa8bb4fc;11836657;80;electro house, pop nacional, slap house;42;1/6/2017;TRUE;FALSE;2016-01-01;788;0.43;11;1;4;-7.757;0.0419;537;0.00261;0.0936;461;121.996;192846;0;8207067;42
1a5Yu5L18qNxVhXx38njON;Hear Me Now;51;1;6apmeAAgvzvhBKio8WYThf;Hear Me Now;https://i.scdn.co/image/ab67616d0000b273292563f7ccd0361f68a743e1;single;Universal Music AB;1;39;3;Alok, Bruno Martini, Zeeba;5veVxxPm1vzgi6pO2iVA8L;Bruno Martini;https://i.scdn.co/image/ab6761610000e5ebbe5facd2544c6340db55a03d;149616;66;brazilian edm, pop nacional;42;1/6/2017;TRUE;FALSE;2016-01-01;788;0.43;11;1;4;-7.757;0.0419;537;0.00261;0.0936;461;121.996;192846;1;8207067;42
1a5Yu5L18qNxVhXx38njON;Hear Me Now;51;1;6apmeAAgvzvhBKio8WYThf;Hear Me Now;https://i.scdn.co/image/ab67616d0000b273292563f7ccd0361f68a743e1;single;Universal Music AB;1;39;3;Alok, Bruno Martini, Zeeba;7qPLO2XOUaRrRxkvLZ3AEK;Zeeba;https://i.scdn.co/image/ab6761610000e5ebc2e226fd6a7b66ee4ab3a68b;221299;63;brazilian edm, nova mpb;42;1/6/2017;TRUE;FALSE;2016-01-01;788;0.43;11;1;4;-7.757;0.0419;537;0.00261;0.0936;461;121.996;192846;1;8207067;42
6rQSrBHf7HlZjtcMZ4S4bO;Safari;0;3;2LYwooMTH1iJeBvWyXXWUf;Energía;https://i.scdn.co/image/ab67616d0000b273338ffc4c72a192f06070546b;album;Universal Music Group;3;0;4;J Balvin, Pharrell Williams, BIA, Sky Rompiendo;1vyhD5VmyZ7KMfW5gqLgo5;J Balvin;https://i.scdn.co/image/ab6761610000e5eb5d0fc400392250a750a9403e;35571602;88;reggaeton, reggaeton colombiano, trap latino;43;1/6/2017;TRUE;FALSE;2016-06-24;508;687;0;1;4;-4.361;326;551;3.41e-06;126;555;180.044;205600;0;7845521;43
6rQSrBHf7HlZjtcMZ4S4bO;Safari;0;3;2LYwooMTH1iJeBvWyXXWUf;Energía;https://i.scdn.co/image/ab67616d0000b273338ffc4c72a192f06070546b;album;Universal Music Group;3;0;4;J Balvin, Pharrell Williams, BIA, Sky Rompiendo;2RdwBSPQiwcmiDo9kixcl8;Pharrell Williams;https://i.scdn.co/image/ab6761610000e5eb130c638fee54fc0711448267;4040819;81;hip hop, pop;43;1/6/2017;TRUE;FALSE;2016-06-24;508;687;0;1;4;-4.361;326;551;3.41e-06;126;555;180.044;205600;1;7845521;43
6rQSrBHf7HlZjtcMZ4S4bO;Safari;0;3;2LYwooMTH1iJeBvWyXXWUf;Energía;https://i.scdn.co/image/ab67616d0000b273338ffc4c72a192f06070546b;album;Universal Music Group;3;0;4;J Balvin, Pharrell Williams, BIA, Sky Rompiendo;6veh5zbFpm31XsPdjBgPER;BIA;https://i.scdn.co/image/ab6761610000e5ebf94c04d51a7784bb5e1d1b93;383667;73;pop, r&b, rap, rap latina, trap queen;43;1/6/2017;TRUE;FALSE;2016-06-24;508;687;0;1;4;-4.361;326;551;3.41e-06;126;555;180.044;205600;1;7845521;43
6rQSrBHf7HlZjtcMZ4S4bO;Safari;0;3;2LYwooMTH1iJeBvWyXXWUf;Energía;https://i.scdn.co/image/ab67616d0000b273338ffc4c72a192f06070546b;album;Universal Music Group;3;0;4;J Balvin, Pharrell Williams, BIA, Sky Rompiendo;51XrH5fQP2oIQynuKxSWcW;Sky Rompiendo;https://i.scdn.co/image/ab6761610000e5ebe2378c65d42dd9b24893dc3a;47991;66;;43;1/6/2017;TRUE;FALSE;2016-06-24;508;687;0;1;4;-4.361;326;551;3.41e-06;126;555;180.044;205600;1;7845521;43
7yyRTcZmCiyzzJlNzGC9Ol;Broccoli (feat. Lil Yachty);62;7;0NrZHZ0y5kTO8EHliuUUca;Big Baby DRAM;https://i.scdn.co/image/ab67616d0000b273f02a1575a59bd05998826351;album;W.A.V.E. Recordings/EMPIRE/Atlantic;7;50;2;DRAM, Lil Yachty;5M0lbkGluOPXLeFjApw8r8;DRAM;https://i.scdn.co/image/ab6761610000e5ebee20a82c49b45b9fbc3baead;824292;62;pop rap, rap, virginia hip hop;44;1/6/2017;TRUE;TRUE;2016-10-21;886;525;8;1;4;-7.39;131;236;0;57;708;145.99;225205;0;7780722;44
7yyRTcZmCiyzzJlNzGC9Ol;Broccoli (feat. Lil Yachty);62;7;0NrZHZ0y5kTO8EHliuUUca;Big Baby DRAM;https://i.scdn.co/image/ab67616d0000b273f02a1575a59bd05998826351;album;W.A.V.E. Recordings/EMPIRE/Atlantic;7;50;2;DRAM, Lil Yachty;6icQOAFXDZKsumw3YXyusw;Lil Yachty;https://i.scdn.co/image/ab6761610000e5ebbf4a90e0755532ddfbe0fe11;8403322;79;atl hip hop, hip hop, melodic rap, rap, trap, underground hip hop, viral rap;44;1/6/2017;TRUE;TRUE;2016-10-21;886;525;8;1;4;-7.39;131;236;0;57;708;145.99;225205;1;7780722;44
0azC730Exh71aQlOt9Zj3y;This Is What You Came For (feat. Rihanna);81;1;3pEgGUv379EDinvg1TN7Kt;This Is What You Came For (feat. Rihanna);https://i.scdn.co/image/ab67616d0000b273d9aa52355e062f5de060adbf;single;Columbia;1;68;2;Calvin Harris, Rihanna;7CajNmpbOovFoOoasH2HaY;Calvin Harris;https://i.scdn.co/image/ab6761610000e5eb578905d5539cff25568dc097;22904843;85;dance pop, edm, electro house, house, pop, progressive house, uk dance;45;1/6/2017;TRUE;FALSE;2016-04-29;631;927;9;0;4;-2.787;0.0332;199;119;148;465;123.962;222160;0;7637496;45
0azC730Exh71aQlOt9Zj3y;This Is What You Came For (feat. Rihanna);81;1;3pEgGUv379EDinvg1TN7Kt;This Is What You Came For (feat. Rihanna);https://i.scdn.co/image/ab67616d0000b273d9aa52355e062f5de060adbf;single;Columbia;1;68;2;Calvin Harris, Rihanna;5pKCCKE2ajJHZ9KAiaK11H;Rihanna;https://i.scdn.co/image/ab6761610000e5eb019d6873a01987cbe35888cd;50500412;89;barbadian pop, dance pop, pop, urban contemporary;45;1/6/2017;TRUE;FALSE;2016-04-29;631;927;9;0;4;-2.787;0.0332;199;119;148;465;123.962;222160;1;7637496;45
5hYTyyh2odQKphUbMqc5gN;"How Far I'll Go - From ""Moana""";0;1;25IBuKrmZbgOVCGNigTXar;"How Far I'll Go (From ""Moana"")";https://i.scdn.co/image/ab67616d0000b273fb128b1eda22335050f584fe;single;Walt Disney Records;1;0;1;Alessia Cara;2wUjUUtkb5lvLKcGKsKqsR;Alessia Cara;https://i.scdn.co/image/ab6761610000e5ebe74b7398634a741f74858dc7;10771387;75;canadian contemporary r&b, canadian pop, dance pop, electropop, pop, post-teen pop, uk pop;46;1/6/2017;FALSE;FALSE;2016-10-28;314;555;9;1;4;-9.601;0.37;157;0.000108;67;159;179.666;175517;0;7503448;46
5GFDrUTLGJix84sNhjCG0g;Caroline;0;1;2RnntA0TeD1mVGMxxbOPms;Caroline;https://i.scdn.co/image/ab67616d0000b273a7f01ef25974c10cdbbd566e;single;Universal Records;1;0;1;Aminé;3Gm5F95VdRxW3mqCn8RPBJ;Aminé;https://i.scdn.co/image/ab6761610000e5eb1f98760ed5b47b21eaf56e8f;1812535;70;hip hop, pop, portland hip hop, rap;47;1/6/2017;FALSE;TRUE;2016-08-26;945;394;10;1;4;-8.571;492;303;0;131;743;120.058;209746;0;7431437;47
4tCtwWceOPWzenK2HAIJSb;Work from Home (feat. Ty Dolla $ign);75;2;0pF0oyuPNdOObniB1Ng0kW;7/27 (Deluxe);https://i.scdn.co/image/ab67616d0000b273d03fa6f4e758282b7920b5c8;album;Syco Music/Epic;2;68;2;Fifth Harmony, Ty Dolla $ign;1l8Fu6IkuTP0U5QetQJ5Xt;Fifth Harmony;https://i.scdn.co/image/ab6761610000e5eb5acb3cb0a8b87d3952738b97;14919558;69;dance pop, girl group, pop, post-teen pop, talent show, uk pop;48;1/6/2017;TRUE;FALSE;2016-05-27;803;585;8;1;4;-5.861;0.0432;103;3.94e-06;0.0644;593;105.017;214480;0;7241437;48
4tCtwWceOPWzenK2HAIJSb;Work from Home (feat. Ty Dolla $ign);75;2;0pF0oyuPNdOObniB1Ng0kW;7/27 (Deluxe);https://i.scdn.co/image/ab67616d0000b273d03fa6f4e758282b7920b5c8;album;Syco Music/Epic;2;68;2;Fifth Harmony, Ty Dolla $ign;7c0XG5cIJTrrAgEC3ULPiq;Ty Dolla $ign;https://i.scdn.co/image/ab6761610000e5ebd9dde4a54073dbd58fb91c7d;4377962;82;dance pop, hip hop, pop, pop rap, r&b, southern hip hop, trap, trap soul;48;1/6/2017;TRUE;FALSE;2016-05-27;803;585;8;1;4;-5.861;0.0432;103;3.94e-06;0.0644;593;105.017;214480;1;7241437;48
7DM4BPaS7uofFul3ywMe46;Vente Pa' Ca (feat. Maluma);72;1;1FkaJUwfqLdQdSmRPBlw6l;Vente Pa' Ca (feat. Maluma);https://i.scdn.co/image/ab67616d0000b2733d90f5938459be40b7b6652a;single;Sony Music Latin;1;60;2;Ricky Martin, Maluma;7slfeZO9LsJbWgpkIoXBUJ;Ricky Martin;https://i.scdn.co/image/ab6761610000e5eba50f664a6b720e94196ba102;6888167;74;dance pop, latin pop, mexican pop, puerto rican pop;49;1/6/2017;TRUE;FALSE;2016-09-22;663;0.92;11;0;4;-4.07;226;0.00431;1.69e-05;101;533;99.935;259195;0;7074781;49
7DM4BPaS7uofFul3ywMe46;Vente Pa' Ca (feat. Maluma);72;1;1FkaJUwfqLdQdSmRPBlw6l;Vente Pa' Ca (feat. Maluma);https://i.scdn.co/image/ab67616d0000b2733d90f5938459be40b7b6652a;single;Sony Music Latin;1;60;2;Ricky Martin, Maluma;1r4hJ1h58CWwUQe3MxPuau;Maluma;https://i.scdn.co/image/ab6761610000e5eb4588e958f69a086df6a9f81f;32443342;85;reggaeton, reggaeton colombiano, trap latino;49;1/6/2017;TRUE;FALSE;2016-09-22;663;0.92;11;0;4;-4.07;226;0.00431;1.69e-05;101;533;99.935;259195;1;7074781;49
3QwBODjSEzelZyVjxPOHdq;Otra vez (feat. J Balvin);73;7;22lEQJ7khtB2yvsq84FDQb;Motivan2;https://i.scdn.co/image/ab67616d0000b27382eabf564ddc57325a84dd50;album;WEA Latina;7;63;2;Zion & Lennox, J Balvin;21451j1KhjAiaYKflxBjr1;Zion & Lennox;https://i.scdn.co/image/ab6761610000e5ebe6cd34548bf23eb55ca44615;6774436;79;latin hip hop, reggaeton, trap latino;50;1/6/2017;TRUE;FALSE;2016-09-30;832;772;10;1;4;-5.429;0.1;0.0559;0.000486;0.44;704;96.016;209453;0;6786526;50
3QwBODjSEzelZyVjxPOHdq;Otra vez (feat. J Balvin);73;7;22lEQJ7khtB2yvsq84FDQb;Motivan2;https://i.scdn.co/image/ab67616d0000b27382eabf564ddc57325a84dd50;album;WEA Latina;7;63;2;Zion & Lennox, J Balvin;1vyhD5VmyZ7KMfW5gqLgo5;J Balvin;https://i.scdn.co/image/ab6761610000e5eb5d0fc400392250a750a9403e;35571602;88;reggaeton, reggaeton colombiano, trap latino;50;1/6/2017;TRUE;FALSE;2016-09-30;832;772;10;1;4;-5.429;0.1;0.0559;0.000486;0.44;704;96.016;209453;1;6786526;50
4F7A0DXBrmUAkp32uenhZt;Party Monster;75;2;2ODvWsOgouMbaA5xf0RkJe;Starboy;https://i.scdn.co/image/ab67616d0000b2734718e2b124f79258be7bc452;album;Universal Republic Records;2;85;1;The Weeknd;1Xyo4u8uXC1ZmMpatF05PJ;The Weeknd;https://i.scdn.co/image/ab6761610000e5ebb5f9e28219c169fd4b9e8379;51215861;94;canadian contemporary r&b, canadian pop, pop;51;1/6/2017;FALSE;TRUE;2016-11-25;573;0.63;1;1;4;-8.389;105;189;2.31e-05;259;218;77.525;249213;0;6656284;51
3AsAuGTaDQzavZZThyYlop;Sexual;0;1;39NO201BzBWoBo9WGBp6Dt;Sexual;https://i.scdn.co/image/ab67616d0000b2739c5e27aff6792af94e972af9;single;Universal Music Group;1;0;2;NEIKED, Dyo;5H6xmHXjsq98NLbEjuE29f;NEIKED;https://i.scdn.co/image/ab6761610000e5eb81ae491ca457af116f7252f1;126149;68;dance pop, pop, pop dance, scandipop, tropical house;52;1/6/2017;TRUE;FALSE;2016-08-26;803;569;2;1;4;-7.392;0.0739;0.0623;0;83;809;107.986;188888;0;6572154;52
3AsAuGTaDQzavZZThyYlop;Sexual;0;1;39NO201BzBWoBo9WGBp6Dt;Sexual;https://i.scdn.co/image/ab67616d0000b2739c5e27aff6792af94e972af9;single;Universal Music Group;1;0;2;NEIKED, Dyo;4H1PNuHElBLVok0lnYMrRb;Dyo;https://i.scdn.co/image/ab6761610000e5eb67cb5f000aae59377fcb5cf8;5646;53;alte;52;1/6/2017;TRUE;FALSE;2016-08-26;803;569;2;1;4;-7.392;0.0739;0.0623;0;83;809;107.986;188888;1;6572154;52
1CUVN2kn7mW5FjkqXTR2W1;Perfect Strangers;0;1;163nFrWkhj8FwiwJ11Gu93;Perfect Strangers;https://i.scdn.co/image/ab67616d0000b27379882e87678a76bc1d895e94;single;Universal Music Group;1;0;2;Jonas Blue, JP Cooper;1HBjj22wzbscIZ9sEb5dyf;Jonas Blue;https://i.scdn.co/image/ab6761610000e5ebf79f4c1f658cfcb74baeae51;3639519;75;dance pop, edm, pop, pop dance, tropical house, uk dance, uk pop;53;1/6/2017;TRUE;FALSE;2016-06-03;742;819;1;1;4;-5.307;0.0487;372;0;277;709;117.986;196613;0;6506901;53
1CUVN2kn7mW5FjkqXTR2W1;Perfect Strangers;0;1;163nFrWkhj8FwiwJ11Gu93;Perfect Strangers;https://i.scdn.co/image/ab67616d0000b27379882e87678a76bc1d895e94;single;Universal Music Group;1;0;2;Jonas Blue, JP Cooper;4kYGAK2zu9EAomwj3hXkXy;JP Cooper;https://i.scdn.co/image/ab6761610000e5eb28dd5fb1d08130ecfaaee780;802360;70;dance pop, neo mellow, pop, tropical house, uk pop;53;1/6/2017;TRUE;FALSE;2016-06-03;742;819;1;1;4;-5.307;0.0487;372;0;277;709;117.986;196613;1;6506901;53
7xHWNBFm6ObGEQPaUxHuKO;The Greatest (feat. Kendrick Lamar);69;14;2eV6DIPDnGl1idcjww6xyX;This Is Acting (Deluxe Version);https://i.scdn.co/image/ab67616d0000b273754b2fddebe7039fdb912837;album;Monkey Puzzle Records/RCA Records;14;74;2;Sia, Kendrick Lamar;5WUlDfRSoLAfcVSX1WnrxN;Sia;https://i.scdn.co/image/ab6761610000e5ebe8637c96a7aa2917eae3c54d;24628743;84;australian dance, australian pop, dance pop, pop;54;1/6/2017;TRUE;FALSE;2016-10-21;668;725;1;1;4;-6.127;266;0.0102;0.000479;0.0561;729;191.944;210226;0;6452978;54
7xHWNBFm6ObGEQPaUxHuKO;The Greatest (feat. Kendrick Lamar);69;14;2eV6DIPDnGl1idcjww6xyX;This Is Acting (Deluxe Version);https://i.scdn.co/image/ab67616d0000b273754b2fddebe7039fdb912837;album;Monkey Puzzle Records/RCA Records;14;74;2;Sia, Kendrick Lamar;2YZyLoL8N0Wb9xBt1NhZWg;Kendrick Lamar;https://i.scdn.co/image/ab6761610000e5eb437b9e2a82505b3d93ff1022;21725588;89;conscious hip hop, hip hop, rap, west coast rap;54;1/6/2017;TRUE;FALSE;2016-10-21;668;725;1;1;4;-6.127;266;0.0102;0.000479;0.0561;729;191.944;210226;1;6452978;54
2Z8WuEywRWYTKe1NybPQEW;Ride;82;3;3cQO7jp5S9qLBoIVtbkSM1;Blurryface;https://i.scdn.co/image/ab67616d0000b273de03bfc2991fd5bcfde65ba3;album;Fueled By Ramen;3;79;1;Twenty One Pilots;3YQKmKGau1PzlVlkL1iodx;Twenty One Pilots;https://i.scdn.co/image/ab6761610000e5eb196972172c37d934d9ca8093;22671399;81;modern rock, rock;55;1/6/2017;FALSE;FALSE;2015-05-15;645;713;6;1;4;-5.355;0.0393;0.00835;0;113;566;74.989;214506;0;6437621;55
0SGkqnVQo9KPytSri1H6cF;Bounce Back;70;3;0XAIjjN5qxViVS0Y5fYkar;I Decided.;https://i.scdn.co/image/ab67616d0000b273e572359074e5da958a922987;album;Getting Out Our Dreams Inc. (G.O.O.D.) Music / IDJ;3;63;1;Big Sean;0c173mlxpT3dSFRgMO8XPh;Big Sean;https://i.scdn.co/image/ab6761610000e5eb89dccc0a0b3d818c8d5fb711;10109328;79;detroit hip hop, hip hop, pop, pop rap, r&b, rap, southern hip hop, trap;56;1/6/2017;FALSE;TRUE;2017-02-03;0.78;575;1;0;4;-5.628;139;106;0;129;273;81.502;222360;0;6363452;56
6I6NX6tjGsxFAsIfGzY9lJ;Deja Vu;71;3;3CCnGldVQ90c26aFATC1PW;4 Your Eyez Only;https://i.scdn.co/image/ab67616d0000b273f4ca75192df162f78a24023e;album;J. Cole P&D;3;71;1;J. Cole;6l3HvQ5sa6mXTsMTB19rO5;J. Cole;https://i.scdn.co/image/ab6761610000e5ebadd503b411a712e277895c8a;18132778;86;conscious hip hop, hip hop, north carolina hip hop, rap;57;1/6/2017;FALSE;TRUE;2016-12-09;657;421;9;1;4;-11.378;412;352;0.000218;187;181;174.063;264746;0;6314763;57
6HUnnBwYZqcED1eQztxMBN;Solo Dance;0;1;3BcNHuKlAm57APDcwh7LJq;Solo Dance;https://i.scdn.co/image/ab67616d0000b273950d67dbe3f31f1d9a5d06a2;single;Virgin;1;0;1;Martin Jensen;4ehtJnVumNf6xzSCDk8aLB;Martin Jensen;https://i.scdn.co/image/ab6761610000e5ebda1144fb20f96075198f3295;1291738;67;dance pop, danish electronic, edm, electro house, pop, pop dance, pop edm, tropical house, uk pop;58;1/6/2017;FALSE;FALSE;2016-11-04;744;836;6;0;4;-2.396;0.0507;0.0435;0;194;0.36;114.965;174933;0;6284819;58
14WWzenpaEgQZlqPq2nk4v;Work;0;4;2JNVoEx4psIgNQyEExwQVn;ANTI (Deluxe);https://i.scdn.co/image/ab67616d0000b2730ed05634a469e5cf4789b0a7;album;Universal Music Group;4;0;2;Rihanna, Drake;5pKCCKE2ajJHZ9KAiaK11H;Rihanna;https://i.scdn.co/image/ab6761610000e5eb019d6873a01987cbe35888cd;50500412;89;barbadian pop, dance pop, pop, urban contemporary;59;1/6/2017;TRUE;TRUE;2016-01-28;725;534;11;1;4;-6.238;0.0946;0.0752;0;0.0919;558;91.974;219320;0;6239752;59
14WWzenpaEgQZlqPq2nk4v;Work;0;4;2JNVoEx4psIgNQyEExwQVn;ANTI (Deluxe);https://i.scdn.co/image/ab67616d0000b2730ed05634a469e5cf4789b0a7;album;Universal Music Group;4;0;2;Rihanna, Drake;3TVXtAsR1Inumwj472S9r4;Drake;https://i.scdn.co/image/ab6761610000e5eb4293385d324db8558179afd9;67940172;95;canadian hip hop, canadian pop, hip hop, rap, toronto rap;59;1/6/2017;TRUE;TRUE;2016-01-28;725;534;11;1;4;-6.238;0.0946;0.0752;0;0.0919;558;91.974;219320;1;6239752;59
11KJSRSgaDxqydKYiD2Jew;Too Good;0;16;3hARKC8cinq3mZLLAEaBh9;Views;https://i.scdn.co/image/ab67616d0000b273726abca207567d5e41cb9667;album;Universal Music Group;16;0;2;Drake, Rihanna;3TVXtAsR1Inumwj472S9r4;Drake;https://i.scdn.co/image/ab6761610000e5eb4293385d324db8558179afd9;67940172;95;canadian hip hop, canadian pop, hip hop, rap, toronto rap;60;1/6/2017;TRUE;TRUE;2016-05-06;804;648;7;1;4;-7.805;117;0.0573;3.49e-05;102;392;117.983;263373;0;5953272;60
11KJSRSgaDxqydKYiD2Jew;Too Good;0;16;3hARKC8cinq3mZLLAEaBh9;Views;https://i.scdn.co/image/ab67616d0000b273726abca207567d5e41cb9667;album;Universal Music Group;16;0;2;Drake, Rihanna;5pKCCKE2ajJHZ9KAiaK11H;Rihanna;https://i.scdn.co/image/ab6761610000e5eb019d6873a01987cbe35888cd;50500412;89;barbadian pop, dance pop, pop, urban contemporary;60;1/6/2017;TRUE;TRUE;2016-05-06;804;648;7;1;4;-7.805;117;0.0573;3.49e-05;102;392;117.983;263373;1;5953272;60
58zsLZPvfflaiIbNWoA22O;Human;78;1;1rMmiDKa8V5H9yYTPAbLng;Human (Deluxe);https://i.scdn.co/image/ab67616d0000b27390a788beadaad34ff684d3ec;album;Best Laid Plans/Columbia;1;68;1;Rag'n'Bone Man;4f9iBmdUOhQWeP7dcAn1pf;Rag'n'Bone Man;https://i.scdn.co/image/ab6761610000e5ebd37c6045418dc479c99ade2c;1610347;68;neo soul;61;1/6/2017;FALSE;FALSE;2017-02-10;602;707;9;1;4;-4.097;302;393;0;165;554;75.087;200186;0;5918973;61
3hB5DgAiMAQ4DzYbsMq1IT;Love Yourself;0;5;7fZH0aUAjY3ay25obOUf2a;Purpose (Deluxe);https://i.scdn.co/image/ab67616d0000b273b6d9a4fbb0bd49f0f034aead;album;Universal Music Group;5;0;1;Justin Bieber;1uNFoZAHBGtllmzznpCI3s;Justin Bieber;https://i.scdn.co/image/ab6761610000e5eb8ae7f2aaa9817a704a87ea36;66698299;91;canadian pop, pop;62;1/6/2017;FALSE;FALSE;2015-11-13;609;378;4;1;4;-9.828;438;835;0;0.28;515;100.418;233720;0;5890670;62
3CRDbSIZ4r5MsZ0YwxuEkn;Stressed Out;85;2;3cQO7jp5S9qLBoIVtbkSM1;Blurryface;https://i.scdn.co/image/ab67616d0000b273de03bfc2991fd5bcfde65ba3;album;Fueled By Ramen;2;79;1;Twenty One Pilots;3YQKmKGau1PzlVlkL1iodx;Twenty One Pilots;https://i.scdn.co/image/ab6761610000e5eb196972172c37d934d9ca8093;22671399;81;modern rock, rock;63;1/6/2017;FALSE;FALSE;2015-05-15;734;637;4;0;4;-5.677;141;0.0462;2.29e-05;0.0602;648;169.977;202333;0;5871752;63
7gHs73wELdeycvS48JfIos;Faded;72;1;5HMjpBO0v78ayq5lreAyDd;Faded;https://i.scdn.co/image/ab67616d0000b273c4d00cac55ae1b4598c9bc90;single;MER Recordings;1;60;1;Alan Walker;7vk5e3vY1uw9plTHJAMwjN;Alan Walker;https://i.scdn.co/image/ab6761610000e5eb29da45fd16f4b249be105618;35629528;81;electro house;64;1/6/2017;FALSE;FALSE;2015-12-04;589;651;6;1;4;-5.097;0.0306;0.0291;3.2e-06;111;166;90.011;212626;0;5824048;64
69bp2EbF7Q2rqc5N3ylezZ;Sorry;0;4;7fZH0aUAjY3ay25obOUf2a;Purpose (Deluxe);https://i.scdn.co/image/ab67616d0000b273b6d9a4fbb0bd49f0f034aead;album;Universal Music Group;4;0;1;Justin Bieber;1uNFoZAHBGtllmzznpCI3s;Justin Bieber;https://i.scdn.co/image/ab6761610000e5eb8ae7f2aaa9817a704a87ea36;66698299;91;canadian pop, pop;65;1/6/2017;FALSE;FALSE;2015-11-13;654;0.76;0;0;4;-3.669;45;0.0797;0;299;0.41;99.945;200786;0;5808895;65
5OOkp4U9P9oL23maHFHL1h;Panda;0;14;2SaYqv9d4lxLBm5nYPJHWh;New English;https://i.scdn.co/image/ab67616d0000b2733df69bfb7713d8262820612b;album;Universal Music Group;14;0;1;Desiigner;7pFeBzX627ff0VnN6bxPR4;Desiigner;https://i.scdn.co/image/ab6761610000e5ebc527efb478bf740148492e1b;3393375;64;pop rap, rap, trap, viral trap;66;1/6/2017;FALSE;TRUE;2016-06-26;576;766;10;0;4;-4.943;449;28;1.68e-06;366;236;144.833;246761;0;5724207;66
7vRriwrloYVaoAe3a9wJHe;i hate u, i love u (feat. olivia o'brien);78;6;3L0H4RjVXpEkwfDgi3XOdf;us;https://i.scdn.co/image/ab67616d0000b27308862f843ea27f44f8e8cbd8;album;:):;6;65;2;gnash, Olivia O'Brien;3iri9nBFs9e4wN7PLIetAw;gnash;https://i.scdn.co/image/ab6761610000e5eb86739c7b66a9c1ef73fa5f8a;1585308;65;pop;67;1/6/2017;TRUE;TRUE;2016-03-25;492;275;6;0;4;-13.4;0.3;687;0;101;0.18;92.6;251033;0;5635133;67
7vRriwrloYVaoAe3a9wJHe;i hate u, i love u (feat. olivia o'brien);78;6;3L0H4RjVXpEkwfDgi3XOdf;us;https://i.scdn.co/image/ab67616d0000b27308862f843ea27f44f8e8cbd8;album;:):;6;65;2;gnash, Olivia O'Brien;1QRj3hoop9Mv5VvHQkwPEp;Olivia O'Brien;https://i.scdn.co/image/ab6761610000e5eb585057c917ea3afa9c02cc9f;1993481;69;alt z, dance pop, electropop, pop, post-teen pop, uk pop;67;1/6/2017;TRUE;TRUE;2016-03-25;492;275;6;0;4;-13.4;0.3;687;0;101;0.18;92.6;251033;1;5635133;67
2BrzlUj1u1CtvaJDGIKpsP;Make Me (Cry);66;1;46yAYzRhSMPA44m0MzSr6g;Make Me (Cry);https://i.scdn.co/image/ab67616d0000b273bf2ec8b87525fbd01fb0111f;single;Records Label, LLC;1;53;2;Noah Cyrus, Labrinth;55fhWPvDiMpLnE4ZzNXZyW;Noah Cyrus;https://i.scdn.co/image/ab6761610000e5ebb27124cea846fa1154cc58e1;1042203;73;pop, post-teen pop, uk pop;68;1/6/2017;TRUE;FALSE;2016-11-15;588;471;0;1;4;-7.287;0.0577;592;0.00146;0.0733;209;152.881;242081;0;5566396;68
2BrzlUj1u1CtvaJDGIKpsP;Make Me (Cry);66;1;46yAYzRhSMPA44m0MzSr6g;Make Me (Cry);https://i.scdn.co/image/ab67616d0000b273bf2ec8b87525fbd01fb0111f;single;Records Label, LLC;1;53;2;Noah Cyrus, Labrinth;2feDdbD5araYcm6JhFHHw7;Labrinth;https://i.scdn.co/image/ab6761610000e5eb72a7311386470c1fbf81734d;2542058;80;indie poptimism, pop;68;1/6/2017;TRUE;FALSE;2016-11-15;588;471;0;1;4;-7.287;0.0577;592;0.00146;0.0733;209;152.881;242081;1;5566396;68
4vb4mFvYsr2h6enhjJsq9Y;Water Under the Bridge;0;6;0K4pIOOsfJ9lK8OjrZfXzd;25;https://i.scdn.co/image/ab67616d0000b2734c3bbcff5e7248e415548f12;album;XL Recordings/Columbia;6;0;1;Adele;4dpARuHxo51G3z768sgnrY;Adele;https://i.scdn.co/image/ab6761610000e5eb68f6e5892075d7f22615bd17;43156557;85;british soul, pop, pop soul, uk pop;69;1/6/2017;FALSE;FALSE;2016-06-24;596;838;5;0;4;-6.52;0.0704;0.0189;1.54e-05;108;472;94.982;240426;0;5353806;69
2aFiaMXmWsM3Vj72F9ksBl;Cake By The Ocean;0;3;7K89F9bgY1jks0uIlMerm3;DNCE;https://i.scdn.co/image/ab67616d0000b273a19a2912e1618ada66b2e6e8;album;Universal Music Group;3;0;1;DNCE;6T5tfhQCknKG4UnH90qGnz;DNCE;https://i.scdn.co/image/ab6761610000e5ebf516ed43c65fe21e21a7c5bd;4300086;71;dance pop, pop, post-teen pop, uk pop;70;1/6/2017;FALSE;TRUE;2016-11-18;774;764;4;0;4;-5.445;0.0518;156;0;0.0383;912;118.997;219146;0;5330563;70
6bLopGnirdrilrpdVB6Um1;The Greatest;69;19;2eV6DIPDnGl1idcjww6xyX;This Is Acting (Deluxe Version);https://i.scdn.co/image/ab67616d0000b273754b2fddebe7039fdb912837;album;Monkey Puzzle Records/RCA Records;19;74;1;Sia;5WUlDfRSoLAfcVSX1WnrxN;Sia;https://i.scdn.co/image/ab6761610000e5ebe8637c96a7aa2917eae3c54d;24628743;84;australian dance, australian pop, dance pop, pop;71;1/6/2017;FALSE;FALSE;2016-10-21;639;785;10;0;4;-6.167;174;0.0174;0.00107;0.0512;686;191.95;210920;0;5284495;71
1OAiWI2oPmglaOiv9fdioU;Hymn for the Weekend - Seeb Remix;37;13;5IDGBfcVjwMoGPKOsfyXLN;A Head Full of Dreams Tour Edition;https://i.scdn.co/image/ab67616d0000b27354776f4d6b5275b4732af97d;album;Parlophone UK;13;29;2;Coldplay, Seeb;4gzpq5DPGxSnKTe4SA8HAU;Coldplay;https://i.scdn.co/image/ab6761610000e5eb0947103979e5973bca22fcdd;39188195;89;permanent wave, pop;72;1/6/2017;TRUE;FALSE;2015-12-04;564;849;0;0;4;-3.516;0.0517;0.00868;4.68e-06;0.12;427;102.028;212647;0;5270881;72
1OAiWI2oPmglaOiv9fdioU;Hymn for the Weekend - Seeb Remix;37;13;5IDGBfcVjwMoGPKOsfyXLN;A Head Full of Dreams Tour Edition;https://i.scdn.co/image/ab67616d0000b27354776f4d6b5275b4732af97d;album;Parlophone UK;13;29;2;Coldplay, Seeb;5iNrZmtVMtYev5M9yoWpEq;Seeb;https://i.scdn.co/image/ab6761610000e5ebaf7cfc023f8da96aaf6dbc48;310193;69;dance pop, edm, electro house, norwegian pop, pop, pop dance, pop edm, tropical house, uk pop;72;1/6/2017;TRUE;FALSE;2015-12-04;564;849;0;0;4;-3.516;0.0517;0.00868;4.68e-06;0.12;427;102.028;212647;1;5270881;72
2CPqh63wRVscbceKcPxwvv;The Ocean (feat. Shy Martin);71;1;4pgNeQfSctryAw4e0uESHe;The Ocean (feat. Shy Martin);https://i.scdn.co/image/ab67616d0000b2737f401862bfe87b552a75308d;single;DF Records;1;59;2;Mike Perry, shy martin;6lB8vOoI4DRrrVxXwuV19c;Mike Perry;https://i.scdn.co/image/ab6761610000e5eb4ca7ccebc2f9e6c281cd6ff3;1412085;68;dance pop, edm, electro house, pop, pop dance, pop edm, swedish tropical house, tropical house, uk pop;73;1/6/2017;TRUE;FALSE;2016-04-15;632;575;5;1;4;-6.478;29;0.0225;1.81e-06;104;188;90.037;183414;0;5266699;73
2CPqh63wRVscbceKcPxwvv;The Ocean (feat. Shy Martin);71;1;4pgNeQfSctryAw4e0uESHe;The Ocean (feat. Shy Martin);https://i.scdn.co/image/ab67616d0000b2737f401862bfe87b552a75308d;single;DF Records;1;59;2;Mike Perry, shy martin;7eCmccnRwPmRnWPw61x6jM;shy martin;https://i.scdn.co/image/ab6761610000e5ebef59d8c7b5ba8de893a2ce4d;263661;64;alt z, australian pop, electropop, pop, post-teen pop, swedish electropop;73;1/6/2017;TRUE;FALSE;2016-04-15;632;575;5;1;4;-6.478;29;0.0225;1.81e-06;104;188;90.037;183414;1;5266699;73
3TRFq09DUgYj1mug6RRqJW;Lot to Learn;59;6;6dgQDrfjCOe7E8ruh1ruWa;TMRW;https://i.scdn.co/image/ab67616d0000b2733f0bd8f231c9b6433be929b1;single;ByStorm Entertainment/RCA Records;6;48;1;Luke Christopher;787bCXOIvGeBw0Bc4kEjhD;Luke Christopher;https://i.scdn.co/image/ab6761610000e5ebbe878349f05f45c579cfdce0;166448;49;indie pop rap, pop rap;74;1/6/2017;FALSE;TRUE;2015-09-11;405;846;6;1;4;-3.57;195;0.0948;0;0.0666;602;82.232;248337;0;5255557;74
4dASQiO1Eoo3RJvt74FtXB;Sucker for Pain (with Wiz Khalifa, Imagine Dragons, Logic & Ty Dolla $ign feat. X Ambassadors);77;1;704GHNtZhEe9TBgleCNNGv;Sucker for Pain (with Logic & Ty Dolla $ign feat. X Ambassadors);https://i.scdn.co/image/ab67616d0000b2737d8dfcfd507069d7f2062caf;single;Atlantic Records;1;64;6;Lil Wayne, Wiz Khalifa, Imagine Dragons, X Ambassadors, Logic, Ty Dolla $ign;55Aa2cqylxrFIXC767Z865;Lil Wayne;https://i.scdn.co/image/ab6761610000e5ebc63aded6f4bf4d06d1377106;12716009;86;hip hop, new orleans rap, pop rap, rap, trap;75;1/6/2017;TRUE;TRUE;2016-06-24;502;786;9;0;4;-4.378;317;255;0;0.65;739;169.021;243490;0;5195824;75
4dASQiO1Eoo3RJvt74FtXB;Sucker for Pain (with Wiz Khalifa, Imagine Dragons, Logic & Ty Dolla $ign feat. X Ambassadors);77;1;704GHNtZhEe9TBgleCNNGv;Sucker for Pain (with Logic & Ty Dolla $ign feat. X Ambassadors);https://i.scdn.co/image/ab67616d0000b2737d8dfcfd507069d7f2062caf;single;Atlantic Records;1;64;6;Lil Wayne, Wiz Khalifa, Imagine Dragons, X Ambassadors, Logic, Ty Dolla $ign;137W8MRPWKqSmrBGDBFSop;Wiz Khalifa;https://i.scdn.co/image/ab6761610000e5eb4bdf6db5203f2a0e44002620;10750686;82;dance pop, hip hop, pittsburgh rap, pop rap, rap, southern hip hop, trap;75;1/6/2017;TRUE;TRUE;2016-06-24;502;786;9;0;4;-4.378;317;255;0;0.65;739;169.021;243490;1;5195824;75
4dASQiO1Eoo3RJvt74FtXB;Sucker for Pain (with Wiz Khalifa, Imagine Dragons, Logic & Ty Dolla $ign feat. X Ambassadors);77;1;704GHNtZhEe9TBgleCNNGv;Sucker for Pain (with Logic & Ty Dolla $ign feat. X Ambassadors);https://i.scdn.co/image/ab67616d0000b2737d8dfcfd507069d7f2062caf;single;Atlantic Records;1;64;6;Lil Wayne, Wiz Khalifa, Imagine Dragons, X Ambassadors, Logic, Ty Dolla $ign;53XhwfbYqKCa1cC15pYq2q;Imagine Dragons;https://i.scdn.co/image/ab6761610000e5eb920dc1f617550de8388f368e;42700471;89;modern rock, rock;75;1/6/2017;TRUE;TRUE;2016-06-24;502;786;9;0;4;-4.378;317;255;0;0.65;739;169.021;243490;1;5195824;75
4dASQiO1Eoo3RJvt74FtXB;Sucker for Pain (with Wiz Khalifa, Imagine Dragons, Logic & Ty Dolla $ign feat. X Ambassadors);77;1;704GHNtZhEe9TBgleCNNGv;Sucker for Pain (with Logic & Ty Dolla $ign feat. X Ambassadors);https://i.scdn.co/image/ab67616d0000b2737d8dfcfd507069d7f2062caf;single;Atlantic Records;1;64;6;Lil Wayne, Wiz Khalifa, Imagine Dragons, X Ambassadors, Logic, Ty Dolla $ign;3NPpFNZtSTHheNBaWC82rB;X Ambassadors;https://i.scdn.co/image/ab6761610000e5eb8f08efd0e601988cd94a3d9c;2725477;71;modern alternative rock, modern rock, pop, pop rap, pop rock, rock, stomp pop;75;1/6/2017;TRUE;TRUE;2016-06-24;502;786;9;0;4;-4.378;317;255;0;0.65;739;169.021;243490;1;5195824;75
4dASQiO1Eoo3RJvt74FtXB;Sucker for Pain (with Wiz Khalifa, Imagine Dragons, Logic & Ty Dolla $ign feat. X Ambassadors);77;1;704GHNtZhEe9TBgleCNNGv;Sucker for Pain (with Logic & Ty Dolla $ign feat. X Ambassadors);https://i.scdn.co/image/ab67616d0000b2737d8dfcfd507069d7f2062caf;single;Atlantic Records;1;64;6;Lil Wayne, Wiz Khalifa, Imagine Dragons, X Ambassadors, Logic, Ty Dolla $ign;4xRYI6VqpkE3UwrDrAZL8L;Logic;https://i.scdn.co/image/ab6761610000e5ebc0f43abdba90d508842d7367;5799375;77;conscious hip hop, dmv rap, hip hop, pop rap, rap;75;1/6/2017;TRUE;TRUE;2016-06-24;502;786;9;0;4;-4.378;317;255;0;0.65;739;169.021;243490;1;5195824;75
4dASQiO1Eoo3RJvt74FtXB;Sucker for Pain (with Wiz Khalifa, Imagine Dragons, Logic & Ty Dolla $ign feat. X Ambassadors);77;1;704GHNtZhEe9TBgleCNNGv;Sucker for Pain (with Logic & Ty Dolla $ign feat. X Ambassadors);https://i.scdn.co/image/ab67616d0000b2737d8dfcfd507069d7f2062caf;single;Atlantic Records;1;64;6;Lil Wayne, Wiz Khalifa, Imagine Dragons, X Ambassadors, Logic, Ty Dolla $ign;7c0XG5cIJTrrAgEC3ULPiq;Ty Dolla $ign;https://i.scdn.co/image/ab6761610000e5ebd9dde4a54073dbd58fb91c7d;4377962;82;dance pop, hip hop, pop, pop rap, r&b, southern hip hop, trap, trap soul;75;1/6/2017;TRUE;TRUE;2016-06-24;502;786;9;0;4;-4.378;317;255;0;0.65;739;169.021;243490;1;5195824;75
0L7loeTIg6akW84aEQZpCT;Light It Up (feat. Nyla & Fuse ODG) - Remix;0;10;7jA06bCXArKGLr1V187s9b;Peace Is The Mission: Extended;https://i.scdn.co/image/ab67616d0000b273751a2e5da4333e86814026ba;album;Because Music;10;0;3;Major Lazer, Nyla, Fuse ODG;738wLrAtLtCtFOLvQBXOXp;Major Lazer;https://i.scdn.co/image/ab6761610000e5eb133f44ab343b35c715a4ac97;6310302;75;dance pop, edm, electro house, moombahton, pop, pop dance, pop rap, tropical house;76;1/6/2017;TRUE;FALSE;2015-06-01;746;877;9;0;4;-3.782;0.0666;0.0375;0.000833;233;751;107.985;166138;0;5194169;76
0L7loeTIg6akW84aEQZpCT;Light It Up (feat. Nyla & Fuse ODG) - Remix;0;10;7jA06bCXArKGLr1V187s9b;Peace Is The Mission: Extended;https://i.scdn.co/image/ab67616d0000b273751a2e5da4333e86814026ba;album;Because Music;10;0;3;Major Lazer, Nyla, Fuse ODG;4VZY0nxYMSNotbS7WjNVQy;Nyla;https://i.scdn.co/image/4533db9f5db75bf8dd362b995876418a89121fa0;4638;58;;76;1/6/2017;TRUE;FALSE;2015-06-01;746;877;9;0;4;-3.782;0.0666;0.0375;0.000833;233;751;107.985;166138;1;5194169;76
0L7loeTIg6akW84aEQZpCT;Light It Up (feat. Nyla & Fuse ODG) - Remix;0;10;7jA06bCXArKGLr1V187s9b;Peace Is The Mission: Extended;https://i.scdn.co/image/ab67616d0000b273751a2e5da4333e86814026ba;album;Because Music;10;0;3;Major Lazer, Nyla, Fuse ODG;374sWpAJsbZckf98df2jJJ;Fuse ODG;https://i.scdn.co/image/ab6761610000e5eb90dbd27c8414878045eb522a;125397;61;afro dancehall, azonto, dance pop, uk pop;76;1/6/2017;TRUE;FALSE;2015-06-01;746;877;9;0;4;-3.782;0.0666;0.0375;0.000833;233;751;107.985;166138;1;5194169;76
0B8B8cVRFIG1yznoQe7c9s;Setting Fires;0;1;5BJeN4SVEKe204y2SiszOe;Setting Fires;https://i.scdn.co/image/ab67616d0000b2739e076dc24d45c52fbf7232bb;single;Disruptor Records/Columbia;1;0;2;The Chainsmokers, XYLØ;69GGBxA162lTqCwzJG5jLp;The Chainsmokers;https://i.scdn.co/image/ab6761610000e5eb3c02f4fb4cc9187c488afd50;19562506;81;dance pop, edm, electropop, pop, pop dance, tropical house;77;1/6/2017;TRUE;FALSE;2016-11-04;626;717;8;0;4;-5.751;0.0375;17;0;261;0.56;105.039;247426;0;5143530;77
0B8B8cVRFIG1yznoQe7c9s;Setting Fires;0;1;5BJeN4SVEKe204y2SiszOe;Setting Fires;https://i.scdn.co/image/ab67616d0000b2739e076dc24d45c52fbf7232bb;single;Disruptor Records/Columbia;1;0;2;The Chainsmokers, XYLØ;6ioOEWNNGK40H8xrGj6XPW;XYLØ;https://i.scdn.co/image/ab6761610000e5ebc1b725eab300ff80d30c7c1d;322699;52;alt z, electropop, indie electropop, indie poptimism, la pop, pop, uk pop, vapor soul;77;1/6/2017;TRUE;FALSE;2016-11-04;626;717;8;0;4;-5.751;0.0375;17;0;261;0.56;105.039;247426;1;5143530;77
6F609ICg9Spjrw1epsAnpa;Controlla;0;11;3hARKC8cinq3mZLLAEaBh9;Views;https://i.scdn.co/image/ab67616d0000b273726abca207567d5e41cb9667;album;Universal Music Group;11;0;1;Drake;3TVXtAsR1Inumwj472S9r4;Drake;https://i.scdn.co/image/ab6761610000e5eb4293385d324db8558179afd9;67940172;95;canadian hip hop, canadian pop, hip hop, rap, toronto rap;78;1/6/2017;FALSE;TRUE;2016-05-06;607;476;10;0;5;-11.076;249;0.0773;0;113;347;122.976;245226;0;5104189;78
0EPxmvsG1BY5td4aTOkWBF;Deu Onda;0;1;4kL6UmXZ0QGt4crDk2n1op;Deu Onda;https://i.scdn.co/image/ab67616d0000b2738b4b30be47d016b7122dc88c;single;GR6 Music;1;0;1;MC G15;3Nipsl6GVwwGyeAk0J29C6;MC G15;https://i.scdn.co/image/ab6761610000e5eb53ca19d1f715f5c9e434d10e;3688955;67;funk carioca, funk mtg, funk ostentacao, funk paulista;79;1/6/2017;FALSE;TRUE;2016-12-15;931;604;0;0;4;-1.41;0.0573;456;0;0.0488;864;129.926;144039;0;5074994;79
0sXvAOmXgjR2QUqLK1MltU;La Bicicleta;59;10;6bUxh58rYTL67FS8dyTKMN;El Dorado;https://i.scdn.co/image/ab67616d0000b273d05d3aad30c5fb7614893cf5;album;Sony Music Latin;10;69;2;Carlos Vives, Shakira;4vhNDa5ycK0ST968ek7kRr;Carlos Vives;https://i.scdn.co/image/ab6761610000e5eb66c1b8fad87dc59892458036;5571571;75;champeta, colombian pop, latin pop, tropical, vallenato;80;1/6/2017;TRUE;FALSE;2017-05-26;736;964;0;1;4;-2.147;129;198;2.32e-06;336;953;179.935;227706;0;5034668;80
0sXvAOmXgjR2QUqLK1MltU;La Bicicleta;59;10;6bUxh58rYTL67FS8dyTKMN;El Dorado;https://i.scdn.co/image/ab67616d0000b273d05d3aad30c5fb7614893cf5;album;Sony Music Latin;10;69;2;Carlos Vives, Shakira;0EmeFodog0BfCgMzAIvKQp;Shakira;https://i.scdn.co/image/ab6761610000e5eb284894d68fe2f80cad555110;25286838;86;colombian pop, dance pop, latin pop;80;1/6/2017;TRUE;FALSE;2017-05-26;736;964;0;1;4;-2.147;129;198;2.32e-06;336;953;179.935;227706;1;5034668;80
0YHUITU3w6ws1v8ehT264g;Shout Out to My Ex;0;1;2GJLzxAajkFeyDPVH7X4Cs;Glory Days (Deluxe);https://i.scdn.co/image/ab67616d0000b2732318bbb0586903290db2b270;album;Syco Music;1;0;1;Little Mix;3e7awlrlDSwF3iM0WBjGMp;Little Mix;https://i.scdn.co/image/ab6761610000e5eb08cd53940cbf5813ee5fe565;10819028;78;dance pop, girl group, pop, post-teen pop, talent show, uk pop;81;1/6/2017;FALSE;FALSE;2016-11-18;774;739;0;1;4;-4.022;0.0952;0.0316;5.95e-06;119;823;126.002;246240;0;5010693;81
7yHEDfrJNd0zWOfXwydNH0;Into You;0;4;4lVR2fg3DAUQpGVJ6DciHW;Dangerous Woman;https://i.scdn.co/image/ab67616d0000b2737227f5854239a059af211d5b;album;Universal Music Group;4;0;1;Ariana Grande;66CXWjxzNUsdJxJ2JdwvnR;Ariana Grande;https://i.scdn.co/image/ab6761610000e5ebcdce7620dc940db079bf4952;84118189;89;dance pop, pop;82;1/6/2017;FALSE;FALSE;2016-05-20;636;727;9;1;4;-5.852;106;0.0161;1.12e-06;151;358;107.988;244453;0;5007872;82
2wDjpPW3HZdA9quPPmZAMu;Trust Nobody (feat. Selena Gomez & Tory Lanez);0;8;0JjoGwsBjce2mgHRliH0VN;9;https://i.scdn.co/image/ab67616d0000b273e53443feca656fafbbbae361;album;Universal Music Group;8;0;3;Cashmere Cat, Selena Gomez, Tory Lanez;2LZDXcxJWgsJfKXZv9a5eG;Cashmere Cat;https://i.scdn.co/image/ab6761610000e5eb27fbd7df9e28455a9cab019e;318895;57;dance pop, downtempo, pop, post-teen pop, shiver pop;83;1/6/2017;TRUE;TRUE;2017-04-28;0.42;636;10;1;5;-7.216;0.22;494;0;122;784;156.104;215670;0;4987309;83
2wDjpPW3HZdA9quPPmZAMu;Trust Nobody (feat. Selena Gomez & Tory Lanez);0;8;0JjoGwsBjce2mgHRliH0VN;9;https://i.scdn.co/image/ab67616d0000b273e53443feca656fafbbbae361;album;Universal Music Group;8;0;3;Cashmere Cat, Selena Gomez, Tory Lanez;0C8ZW7ezQVs4URX5aX7Kqx;Selena Gomez;https://i.scdn.co/image/ab6761610000e5eba5205abffd84341e5bace828;37940216;84;dance pop, pop, post-teen pop;83;1/6/2017;TRUE;TRUE;2017-04-28;0.42;636;10;1;5;-7.216;0.22;494;0;122;784;156.104;215670;1;4987309;83
2wDjpPW3HZdA9quPPmZAMu;Trust Nobody (feat. Selena Gomez & Tory Lanez);0;8;0JjoGwsBjce2mgHRliH0VN;9;https://i.scdn.co/image/ab67616d0000b273e53443feca656fafbbbae361;album;Universal Music Group;8;0;3;Cashmere Cat, Selena Gomez, Tory Lanez;2jku7tDXc6XoB6MO2hFuqg;Tory Lanez;https://i.scdn.co/image/ab6761610000e5ebbd5d3e1b363c3e26710661c3;4707006;82;canadian hip hop, canadian trap, melodic rap, pop, pop rap, r&b, rap, toronto rap, trap;83;1/6/2017;TRUE;TRUE;2017-04-28;0.42;636;10;1;5;-7.216;0.22;494;0;122;784;156.104;215670;1;4987309;83
5J1c3M4EldCfNxXwrwt8mT;Traicionera;0;1;1TnP5HDR6fxVZBIGZq6DgO;Traicionera;https://i.scdn.co/image/ab67616d0000b273dbe5e9f934a9be5db8884c52;single;Universal Music Group;1;0;1;Sebastian Yatra;07YUOmWljBTXwIseAUd9TW;Sebastian Yatra;https://i.scdn.co/image/ab6761610000e5eb28cc5ee1d7ba49cdc7dde27b;20172541;82;colombian pop, reggaeton colombiano;84;1/6/2017;FALSE;FALSE;2016-06-24;776;669;11;1;4;-4.933;0.0638;142;0;219;661;91.012;228466;0;4882394;84
0hNduWmlWmEmuwEFcYvRu1;Sunset Lover;70;1;4Ky2PpWb26OxNabAMffyBw;Sunset Lover;https://i.scdn.co/image/ab67616d0000b273014080d39d56c94c0b285362;single;Petit Biscuit;1;57;1;Petit Biscuit;6gK1Uct5FEdaUWRWpU4Cl2;Petit Biscuit;https://i.scdn.co/image/ab6761610000e5eb536b525b401e04a57e639f69;924169;63;tropical house;85;1/6/2017;FALSE;FALSE;2015;783;467;6;1;4;-9.474;0.0503;729;809;109;236;90.838;237792;0;4870064;85
6fwdbPMwP1zVStm8FybmkO;X (feat. Future);72;3;4I3EcXD4e3KcEoDJfFEZ5b;Savage Mode;https://i.scdn.co/image/ab67616d0000b2732dd1ac4a61495080ef8f78ca;album;Slaughter Gang, LLC;3;67;3;21 Savage, Metro Boomin, Future;1URnnhqYAYcrqrcwql10ft;21 Savage;https://i.scdn.co/image/ab6761610000e5ebe01decbaa565f3feaaade6a9;11802634;87;atl hip hop, rap, trap;86;1/6/2017;TRUE;TRUE;2016-07-15;835;413;1;1;4;-9.81;396;373;0.00133;101;111;149.004;258880;0;4860530;86
6fwdbPMwP1zVStm8FybmkO;X (feat. Future);72;3;4I3EcXD4e3KcEoDJfFEZ5b;Savage Mode;https://i.scdn.co/image/ab67616d0000b2732dd1ac4a61495080ef8f78ca;album;Slaughter Gang, LLC;3;67;3;21 Savage, Metro Boomin, Future;0iEtIxbK0KxaSlF7G42ZOp;Metro Boomin;https://i.scdn.co/image/ab6761610000e5ebdf9a1555f53a20087b8c5a5c;3069895;80;hip hop, rap, trap;86;1/6/2017;TRUE;TRUE;2016-07-15;835;413;1;1;4;-9.81;396;373;0.00133;101;111;149.004;258880;1;4860530;86
6fwdbPMwP1zVStm8FybmkO;X (feat. Future);72;3;4I3EcXD4e3KcEoDJfFEZ5b;Savage Mode;https://i.scdn.co/image/ab67616d0000b2732dd1ac4a61495080ef8f78ca;album;Slaughter Gang, LLC;3;67;3;21 Savage, Metro Boomin, Future;1RyvyyTE3xzB2ZywiAwp0i;Future;https://i.scdn.co/image/ab6761610000e5eb24e41f491b129093a6fee383;12302508;88;atl hip hop, hip hop, rap, southern hip hop, trap;86;1/6/2017;TRUE;TRUE;2016-07-15;835;413;1;1;4;-9.81;396;373;0.00133;101;111;149.004;258880;1;4860530;86
5uDASfU19gDxSjW8cnCaBp;Chill Bill (feat. J. Davi$ & Spooks);77;1;5qBu7Ab6alstSCAzxTJMb1;Chill Bill (feat. J. Davi$ & Spooks);https://i.scdn.co/image/ab67616d0000b2736f3e9696889a2425338e0836;single;RCA Records Label;1;64;3;Rob $tone, J. Davi$, J Spooks;2hWs22BmQkK4czFtDLnar2;Rob $tone;https://i.scdn.co/image/ab6761610000e5ebfa3d478238362aa3e15e8dc0;240536;61;san diego rap;87;1/6/2017;TRUE;TRUE;2016-06-17;886;427;6;1;4;-10.028;145;0.0312;0.00099;0.0906;0.23;108.034;177184;0;4855305;87
5uDASfU19gDxSjW8cnCaBp;Chill Bill (feat. J. Davi$ & Spooks);77;1;5qBu7Ab6alstSCAzxTJMb1;Chill Bill (feat. J. Davi$ & Spooks);https://i.scdn.co/image/ab67616d0000b2736f3e9696889a2425338e0836;single;RCA Records Label;1;64;3;Rob $tone, J. Davi$, J Spooks;1rs3y69kDwkIdGJcOYngQt;J. Davi$;https://i.scdn.co/image/ab6761610000e5eba7a6a22d18bc63ae77e49271;3924;60;;87;1/6/2017;TRUE;TRUE;2016-06-17;886;427;6;1;4;-10.028;145;0.0312;0.00099;0.0906;0.23;108.034;177184;1;4855305;87
5uDASfU19gDxSjW8cnCaBp;Chill Bill (feat. J. Davi$ & Spooks);77;1;5qBu7Ab6alstSCAzxTJMb1;Chill Bill (feat. J. Davi$ & Spooks);https://i.scdn.co/image/ab67616d0000b2736f3e9696889a2425338e0836;single;RCA Records Label;1;64;3;Rob $tone, J. Davi$, J Spooks;36Tn5h23ysORlLKc42UXfe;J Spooks;https://i.scdn.co/image/ab6761610000e5eb59793465367bd1eab04b9f52;738;60;;87;1/6/2017;TRUE;TRUE;2016-06-17;886;427;6;1;4;-10.028;145;0.0312;0.00099;0.0906;0.23;108.034;177184;1;4855305;87
1Tt4sE4pXi57mTD1GCzsqm;Needed Me;0;7;3Q149ZH46Z0f3oDR7vlDYV;ANTI;https://i.scdn.co/image/ab67616d0000b27333de8537b313380d4f4c3ca6;album;Roc Nation / Rihanna;7;0;1;Rihanna;5pKCCKE2ajJHZ9KAiaK11H;Rihanna;https://i.scdn.co/image/ab6761610000e5eb019d6873a01987cbe35888cd;50500412;89;barbadian pop, dance pop, pop, urban contemporary;88;1/6/2017;FALSE;TRUE;2016-01-28;671;314;5;0;4;-8.091;244;0.11;0;0.0825;296;110.898;191600;0;4780393;88
7129iqBafaphfc3WPCGC0L;7 Years;53;1;6NQ2RNksdSKdtnlFOLJo24;Lukas Graham (Blue Album);https://i.scdn.co/image/ab67616d0000b2739c2ba50154a64c3c898ec7e2;album;Copenhagen Records;1;47;1;Lukas Graham;25u4wHJWxCA9vO0CzxAbK7;Lukas Graham;https://i.scdn.co/image/ab6761610000e5eb0793531175d0f2f95cbb84ff;1979743;72;danish pop, pop, scandipop;89;1/6/2017;FALSE;FALSE;2015-06-16;742;479;10;1;4;-5.83;0.0551;0.29;0;391;346;119.951;237300;0;4707790;89
1lItf5ZXJc1by9SbPeljFd;Juju on That Beat (TZ Anthem);60;1;5sQTfUX9uSwfCtPiYGO20V;Juju on That Beat (TZ Anthem);https://i.scdn.co/image/ab67616d0000b273186678fe32d915298c28d576;single;Tha Lights Global, INC/Atlantic Recording Corp;1;47;2;Zay Hilfigerrr, Zayion McCall;7nKeLE1toRtW4M279iS26h;Zay Hilfigerrr;https://i.scdn.co/image/ab6761610000e5ebf7550f0fd384a38a3c9a6200;62463;42;;90;1/6/2017;TRUE;FALSE;2016-09-30;807;887;1;1;4;-3.892;275;0.00381;0;391;0.78;160.517;144244;0;4580028;90
1lItf5ZXJc1by9SbPeljFd;Juju on That Beat (TZ Anthem);60;1;5sQTfUX9uSwfCtPiYGO20V;Juju on That Beat (TZ Anthem);https://i.scdn.co/image/ab67616d0000b273186678fe32d915298c28d576;single;Tha Lights Global, INC/Atlantic Recording Corp;1;47;2;Zay Hilfigerrr, Zayion McCall;5AsWcQXw4RJFRWBbwa0ti0;Zayion McCall;https://i.scdn.co/image/ab6761610000e5eb45b60ca950d67ba4c281155d;10086;42;;90;1/6/2017;TRUE;FALSE;2016-09-30;807;887;1;1;4;-3.892;275;0.00381;0;391;0.78;160.517;144244;1;4580028;90
1CnPYaKxTVb4LWOtiGOm0m;All Time Low;69;3;2e8nzTZ0HtK94IifOWgN7o;The Human Condition;https://i.scdn.co/image/ab67616d0000b273a01c1fddc334c0bd15e4452d;album;Capitol Records (CAP);3;59;1;Jon Bellion;50JJSqHUf2RQ9xsHs0KMHg;Jon Bellion;https://i.scdn.co/image/ab6761610000e5ebe0c2c39a5bc940f905aa02f3;1320383;68;pop rap;91;1/6/2017;FALSE;TRUE;2016-06-10;617;567;0;1;4;-4.188;0.0828;0.0584;0;0.0933;505;90.246;217603;0;4566918;91
2XMTqoHHSH0lvuXrvIEdco;Capsize;67;2;5qeKpDQFyotJjLh61pUZQo;Truce - EP;https://i.scdn.co/image/ab67616d0000b273670048174db73ef55039c7bf;single;Columbia;2;55;2;FRENSHIP, Emily Warren;7xEFii6utZmQ61kX59HmLH;FRENSHIP;https://i.scdn.co/image/ab6761610000e5ebd6834d53fc6a00490a7c6b19;180202;55;electropop, indie poptimism, la pop, pop dance, tropical house, uk pop;92;1/6/2017;TRUE;FALSE;2016-09-02;683;708;5;0;4;-6.244;0.0305;0.0398;155;686;355;92.991;237706;0;4535409;92
2XMTqoHHSH0lvuXrvIEdco;Capsize;67;2;5qeKpDQFyotJjLh61pUZQo;Truce - EP;https://i.scdn.co/image/ab67616d0000b273670048174db73ef55039c7bf;single;Columbia;2;55;2;FRENSHIP, Emily Warren;1oKdM70mJD8VvDOTKeS8t1;Emily Warren;https://i.scdn.co/image/ab6761610000e5ebd32e900c1a10957e955aac0f;57439;56;nyc pop;92;1/6/2017;TRUE;FALSE;2016-09-02;683;708;5;0;4;-6.244;0.0305;0.0398;155;686;355;92.991;237706;1;4535409;92
4BHzQ9C00ceJxfG16AlNWb;Send My Love (To Your New Lover);1;2;0K4pIOOsfJ9lK8OjrZfXzd;25;https://i.scdn.co/image/ab67616d0000b2734c3bbcff5e7248e415548f12;album;XL Recordings/Columbia;2;0;1;Adele;4dpARuHxo51G3z768sgnrY;Adele;https://i.scdn.co/image/ab6761610000e5eb68f6e5892075d7f22615bd17;43156557;85;british soul, pop, pop soul, uk pop;93;1/6/2017;FALSE;FALSE;2016-06-24;0.69;524;6;0;4;-8.39;103;0.0415;3.16e-06;0.17;562;164.023;223080;0;4507243;93
6OZh916QF8XNunWaP97WEZ;Fast Car;0;1;5jfuIbTeaLhBZxsCVv3QyM;Fast Car;https://i.scdn.co/image/ab67616d0000b2735cf78b9932b45387375528eb;single;Universal Music Group;1;0;2;Jonas Blue, Dakota;1HBjj22wzbscIZ9sEb5dyf;Jonas Blue;https://i.scdn.co/image/ab6761610000e5ebf79f4c1f658cfcb74baeae51;3639519;75;dance pop, edm, pop, pop dance, tropical house, uk dance, uk pop;94;1/6/2017;TRUE;FALSE;2015-12-04;459;587;9;1;4;-6.983;0.0785;453;0;307;581;113.901;212424;0;4476496;94
6OZh916QF8XNunWaP97WEZ;Fast Car;0;1;5jfuIbTeaLhBZxsCVv3QyM;Fast Car;https://i.scdn.co/image/ab67616d0000b2735cf78b9932b45387375528eb;single;Universal Music Group;1;0;2;Jonas Blue, Dakota;2zzpznMuhKlKlqh1ma7Sms;Dakota;https://i.scdn.co/image/ab6761610000e5ebbccc3a79437603eeafa1c94c;9852;60;;94;1/6/2017;TRUE;FALSE;2015-12-04;459;587;9;1;4;-6.983;0.0785;453;0;307;581;113.901;212424;1;4476496;94
0kN8xEmgMW9mh7UmDYHlJP;Versace on the Floor;76;5;4PgleR09JVnm3zY1fW3XBA;24K Magic;https://i.scdn.co/image/ab67616d0000b273232711f7d66a1e19e89e28c5;album;Atlantic Records;5;77;1;Bruno Mars;0du5cEVh5yTK9QJze8zA0C;Bruno Mars;https://i.scdn.co/image/ab6761610000e5ebc36dd9eb55fb0db4911f25dd;43809074;88;dance pop, pop;95;1/6/2017;FALSE;FALSE;2016-11-17;578;574;2;1;4;-6.209;0.0454;196;0;83;301;174.152;261240;0;4471484;95
4ckuS4Nj4FZ7i3Def3Br8W;Sneakin’;66;1;2z3NlPY0n0gHJPCPqrzA6V;Sneakin’;https://i.scdn.co/image/ab67616d0000b27358599e61e8a0487443d31bb6;single;Cash Money Records/Young Money Ent./Universal Rec.;1;53;2;Drake, 21 Savage;3TVXtAsR1Inumwj472S9r4;Drake;https://i.scdn.co/image/ab6761610000e5eb4293385d324db8558179afd9;67940172;95;canadian hip hop, canadian pop, hip hop, rap, toronto rap;96;1/6/2017;TRUE;TRUE;2016-10-24;806;558;8;1;4;-6.538;172;0.00496;1.45e-06;0.16;0.26;85.011;251333;0;4450133;96
4ckuS4Nj4FZ7i3Def3Br8W;Sneakin’;66;1;2z3NlPY0n0gHJPCPqrzA6V;Sneakin’;https://i.scdn.co/image/ab67616d0000b27358599e61e8a0487443d31bb6;single;Cash Money Records/Young Money Ent./Universal Rec.;1;53;2;Drake, 21 Savage;1URnnhqYAYcrqrcwql10ft;21 Savage;https://i.scdn.co/image/ab6761610000e5ebe01decbaa565f3feaaade6a9;11802634;87;atl hip hop, rap, trap;96;1/6/2017;TRUE;TRUE;2016-10-24;806;558;8;1;4;-6.538;172;0.00496;1.45e-06;0.16;0.26;85.011;251333;1;4450133;96
0tICYNayWWhH9GPeFrfjfD;This Girl (Kungs Vs. Cookin' On 3 Burners);0;2;3nxlM2DFwij3JVP55yNRya;Layers;https://i.scdn.co/image/ab67616d0000b273f504cc56f3bd99bc61929272;album;Universal Music Group;2;0;2;Kungs, Cookin' On 3 Burners;7keGfmQR4X5w0two1xKZ7d;Kungs;https://i.scdn.co/image/ab6761610000e5ebc5eaf5a6086347d8d9a35517;867047;69;pop dance, tropical house;97;1/6/2017;TRUE;FALSE;2016-11-04;793;729;0;0;4;-4.77;0.0394;0.08;3.1e-05;317;488;121.972;195546;0;4429308;97
0tICYNayWWhH9GPeFrfjfD;This Girl (Kungs Vs. Cookin' On 3 Burners);0;2;3nxlM2DFwij3JVP55yNRya;Layers;https://i.scdn.co/image/ab67616d0000b273f504cc56f3bd99bc61929272;album;Universal Music Group;2;0;2;Kungs, Cookin' On 3 Burners;726MxZBpkxnnoKl6aN7mmj;Cookin' On 3 Burners;https://i.scdn.co/image/ab6761610000e5eba94773629ec7f6f7281c3062;79605;60;bboy, funk, instrumental funk, modern funk;97;1/6/2017;TRUE;FALSE;2016-11-04;793;729;0;0;4;-4.77;0.0394;0.08;3.1e-05;317;488;121.972;195546;1;4429308;97
58IL315gMSTD37DOZPJ2hf;Shaky Shaky;0;1;2zrLk90b4qjmrxRZKyIY7X;Shaky Shaky;https://i.scdn.co/image/ab67616d0000b273f0b25154a0858db46415fbe7;single;Universal Music Group;1;0;1;Daddy Yankee;4VMYDCV2IEDYJArk749S6m;Daddy Yankee;https://i.scdn.co/image/ab6761610000e5eb7f9b2f828db40b35a81cba49;29895208;88;latin hip hop, reggaeton, trap latino;98;1/6/2017;FALSE;FALSE;2016-04-08;899;626;6;0;4;-4.228;292;76;0;0.0631;873;88.007;234320;0;4422007;98
6YZdkObH88npeKrrkb8Ggf;DUELE EL CORAZON (feat. Wisin);67;1;5Ouuxga807CPAs81lSloBJ;DUELE EL CORAZON (feat. Wisin);https://i.scdn.co/image/ab67616d0000b2736f5d25a217398fb3886aec0e;single;RCA Records/Sony Music International/Sony Music Latin;1;55;2;Enrique Iglesias, Wisin;7qG3b048QCHVRO5Pv1T5lw;Enrique Iglesias;https://i.scdn.co/image/ab6761610000e5eb2335f74de53ef9b9fd7889c8;10947624;77;latin pop, mexican pop;99;1/6/2017;TRUE;FALSE;2016-04-18;716;908;8;0;4;-3.254;103;0.0858;0;135;869;91.03;200813;0;4372050;99
6YZdkObH88npeKrrkb8Ggf;DUELE EL CORAZON (feat. Wisin);67;1;5Ouuxga807CPAs81lSloBJ;DUELE EL CORAZON (feat. Wisin);https://i.scdn.co/image/ab67616d0000b2736f5d25a217398fb3886aec0e;single;RCA Records/Sony Music International/Sony Music Latin;1;55;2;Enrique Iglesias, Wisin;3E6xrwgnVfYCrCs0ePERDz;Wisin;https://i.scdn.co/image/ab6761610000e5eb0841af1abb3110f7364a84c9;8271862;77;latin hip hop, reggaeton, trap latino;99;1/6/2017;TRUE;FALSE;2016-04-18;716;908;8;0;4;-3.254;103;0.0858;0;135;869;91.03;200813;1;4372050;99
40UroIGvsMPLPBYwH8rMNA;Steady 1234 (feat. Jasmine Thompson & Skizzy Mars);0;1;3nmzkttUylbyB47ONa0xHF;Steady 1234 (feat. Jasmine Thompson & Skizzy Mars);https://i.scdn.co/image/ab67616d0000b2736c3742dff9593add7c590e85;single;Atlantic Records;1;0;3;Vice, Skizzy Mars, Jasmine Thompson;0q4NrXqJnc367PieejuROJ;Vice;https://i.scdn.co/image/ab6761610000e5eb5ebc033405be6bcd4e2d426c;19882;44;chicano rap;100;1/6/2017;TRUE;TRUE;2016-09-30;779;671;9;1;4;-5.829;0.0814;153;1.12e-05;115;718;104.953;177094;0;4358210;100
40UroIGvsMPLPBYwH8rMNA;Steady 1234 (feat. Jasmine Thompson & Skizzy Mars);0;1;3nmzkttUylbyB47ONa0xHF;Steady 1234 (feat. Jasmine Thompson & Skizzy Mars);https://i.scdn.co/image/ab67616d0000b2736c3742dff9593add7c590e85;single;Atlantic Records;1;0;3;Vice, Skizzy Mars, Jasmine Thompson;00Z3UDoAQwzvGu13HoAM7J;Skizzy Mars;https://i.scdn.co/image/ab6761610000e5ebe82e76b694f8ec444adb4808;300382;53;indie pop rap, pop rap, underground hip hop;100;1/6/2017;TRUE;TRUE;2016-09-30;779;671;9;1;4;-5.829;0.0814;153;1.12e-05;115;718;104.953;177094;1;4358210;100
40UroIGvsMPLPBYwH8rMNA;Steady 1234 (feat. Jasmine Thompson & Skizzy Mars);0;1;3nmzkttUylbyB47ONa0xHF;Steady 1234 (feat. Jasmine Thompson & Skizzy Mars);https://i.scdn.co/image/ab67616d0000b2736c3742dff9593add7c590e85;single;Atlantic Records;1;0;3;Vice, Skizzy Mars, Jasmine Thompson;2TL8gYTNgD6nXkyuUdDrMg;Jasmine Thompson;https://i.scdn.co/image/ab6761610000e5eb9e6143483dc36287e2ceb6cb;849730;66;neo mellow, pop, uk pop, viral pop;100;1/6/2017;TRUE;TRUE;2016-09-30;779;671;9;1;4;-5.829;0.0814;153;1.12e-05;115;718;104.953;177094;1;4358210;100